{"originationId": "013d09c9533b7f48c3c2861c0cea56df", "clientId": "1452324b8c1696b6063a7c0a822edb09", "registerDate": "2021-04-21T00:00:00", "installments": [{"installmentId": "a46b1e1e7467f67de3df60c575aa11e4", "dueDate": "2021-09-15T00:00:00", "installmentValue": "75.99"}, {"installmentId": "aca3c0f340fa42768406b6f962f19a63", "dueDate": "2021-06-15T00:00:00", "installmentValue": "75.99"}, {"installmentId": "e9368332858b08205e79a04e4e771a7a", "dueDate": "2022-03-15T00:00:00", "installmentValue": "59.98"}, {"installmentId": "5ed999c13e502fef9fcdf732e62dabd9", "dueDate": "2022-01-15T00:00:00", "installmentValue": "59.99"}, {"installmentId": "c40acfcf7f5de1eecae0b4c7f6967f7b", "dueDate": "2021-07-15T00:00:00", "installmentValue": "75.99"}, {"installmentId": "ed4eb474469001beb0418e69a7283627", "dueDate": "2021-11-15T00:00:00", "installmentValue": "59.99"}, {"installmentId": "f6d1bbe0c900a9113469fea1571d8856", "dueDate": "2021-12-15T00:00:00", "installmentValue": "59.99"}, {"installmentId": "9c3cc87b468fb5ecb6717655d161ae84", "dueDate": "2022-02-15T00:00:00", "installmentValue": "59.99"}, {"installmentId": "7e57e92b5e339f074e6d0cdc03c9eaee", "dueDate": "2021-10-15T00:00:00", "installmentValue": "75.99"}, {"installmentId": "27eed68dfabdedf8b0326efbfd9f6108", "dueDate": "2021-08-15T00:00:00", "installmentValue": "75.99"}]}