{"originationId": "01952141b4a7992dff034afca0d168ec", "clientId": "8f536ab82ae799b232304e3119cfa5d3", "registerDate": "2021-05-15T00:00:00", "installments": [{"installmentId": "f383d0dba518a23e432022d9f99b90fe", "dueDate": "2021-08-20T00:00:00", "installmentValue": "302.35"}, {"installmentId": "89d7cb2d5e263d15c07fb772e51539b0", "dueDate": "2021-06-20T00:00:00", "installmentValue": "302.35"}, {"installmentId": "d67db6cf19445e2ae40356432dee0097", "dueDate": "2021-10-20T00:00:00", "installmentValue": "302.33"}, {"installmentId": "fc29e48755c4f86662a655a93caf1d21", "dueDate": "2021-07-20T00:00:00", "installmentValue": "302.35"}, {"installmentId": "3a4b299f6b9d922a94402516e02d2055", "dueDate": "2021-09-20T00:00:00", "installmentValue": "302.35"}]}