{"originationId": "030209c23ba65b96b8a6eaa349df9595", "clientId": "a32eb044ef4f094c78e8bbcd2df88125", "registerDate": "2021-05-08T00:00:00", "installments": [{"installmentId": "c4aa3caa393c5759a5cc0a9ef9b44c8b", "dueDate": "2021-12-10T00:00:00", "installmentValue": "82.55"}, {"installmentId": "0f9cc5b3f29b69e271ac212dd4639bfb", "dueDate": "2022-02-10T00:00:00", "installmentValue": "82.55"}, {"installmentId": "6ab398d59cef9f59f699c8d24649c1f8", "dueDate": "2022-01-10T00:00:00", "installmentValue": "82.55"}, {"installmentId": "403dd44b82d80ae6238ac35433914484", "dueDate": "2022-03-10T00:00:00", "installmentValue": "82.53"}, {"installmentId": "cb145e4663f517a10b7ee4556df43e3b", "dueDate": "2021-07-10T00:00:00", "installmentValue": "82.55"}, {"installmentId": "734303e1e51597ca695fa63ecd74e92e", "dueDate": "2021-11-10T00:00:00", "installmentValue": "82.55"}, {"installmentId": "cfac9c1b3d796edaeef0c28ef5d1605f", "dueDate": "2021-08-10T00:00:00", "installmentValue": "82.55"}, {"installmentId": "10411f0b19976a1760f82665e5870d70", "dueDate": "2021-10-10T00:00:00", "installmentValue": "82.55"}, {"installmentId": "c5b17179c1cd9f8ef54dcb6ee33c213a", "dueDate": "2021-06-10T00:00:00", "installmentValue": "82.55"}, {"installmentId": "c77c389f2a871031b04d9d66ce7a726c", "dueDate": "2021-09-10T00:00:00", "installmentValue": "82.55"}]}