{"originationId": "035ebf5a434237e22dce47a5244763e4", "clientId": "3fcc43605a621c2f1eaf923292bb0363", "registerDate": "2021-06-30T00:00:00", "installments": [{"installmentId": "f8aef38046e171241786a1f772b7a771", "dueDate": "2022-01-10T00:00:00", "installmentValue": "20.79"}, {"installmentId": "b36b6d5a6aa81b2b63c50f4c21014327", "dueDate": "2021-12-10T00:00:00", "installmentValue": "20.79"}, {"installmentId": "0b3f84fb776d698e56dc14249d1623fd", "dueDate": "2021-08-10T00:00:00", "installmentValue": "20.79"}, {"installmentId": "7ac8803b1943f86f291e22149e803a9f", "dueDate": "2022-03-10T00:00:00", "installmentValue": "20.79"}, {"installmentId": "73ebc0d437821aae5cd19f4f1903b051", "dueDate": "2022-04-10T00:00:00", "installmentValue": "20.79"}, {"installmentId": "58ed4302c0eea5a988ddf23b63ba94a1", "dueDate": "2022-02-10T00:00:00", "installmentValue": "20.79"}, {"installmentId": "29e9f2e8159c3cecfaed6b35f35f6af4", "dueDate": "2022-05-10T00:00:00", "installmentValue": "20.81"}, {"installmentId": "363eeda62a5e718918712c07aaf8be07", "dueDate": "2021-10-10T00:00:00", "installmentValue": "20.79"}, {"installmentId": "2ebc46abf8d253315bd7e30a582cff9e", "dueDate": "2021-09-10T00:00:00", "installmentValue": "20.79"}, {"installmentId": "a17e25c93620edcde7596a259ee4cc17", "dueDate": "2021-11-10T00:00:00", "installmentValue": "20.79"}]}