{"originationId": "03e79d6a18b4795b4df6fd06b977963f", "clientId": "ba58214d7ea262b314d3229d4430d36c", "registerDate": "2021-06-05T00:00:00", "installments": [{"installmentId": "982bc31aaf6c2c522b9af60b0be6e3b0", "dueDate": "2021-12-15T00:00:00", "installmentValue": "36.29"}, {"installmentId": "78b51aa1225dfb6ff8ca72fd545a929e", "dueDate": "2021-07-15T00:00:00", "installmentValue": "36.29"}, {"installmentId": "d666ed7a7c6140c9a3162c56edb3c333", "dueDate": "2022-02-15T00:00:00", "installmentValue": "36.29"}, {"installmentId": "accbbade922b71903cf6a27eee71ca39", "dueDate": "2021-10-15T00:00:00", "installmentValue": "36.29"}, {"installmentId": "67626da310dfc7c1f4aaa5a35d0f738a", "dueDate": "2022-04-15T00:00:00", "installmentValue": "36.27"}, {"installmentId": "b48b83ade5fae45d326f72dde62e56a0", "dueDate": "2022-03-15T00:00:00", "installmentValue": "36.29"}, {"installmentId": "b8ada788ff3151bdc0dfb9afb3bd5494", "dueDate": "2021-08-15T00:00:00", "installmentValue": "36.29"}, {"installmentId": "d0fe6acda772f5dbe08f12ccbbcccf52", "dueDate": "2021-09-15T00:00:00", "installmentValue": "36.29"}, {"installmentId": "5774645a3d0bae878ff3fbd7e09599bf", "dueDate": "2021-11-15T00:00:00", "installmentValue": "36.29"}, {"installmentId": "9d21e7acf44de71e91917961d57a10b1", "dueDate": "2022-01-15T00:00:00", "installmentValue": "36.29"}]}