{"originationId": "06c9cac376c30e997d21664a103db221", "clientId": "6acbb1d56f9fb93fbbc3477afebeba2d", "registerDate": "2021-04-03T00:00:00", "installments": [{"installmentId": "ce73b7b2faee54007738491ea6e48327", "dueDate": "2021-12-15T00:00:00", "installmentValue": "23.58"}, {"installmentId": "e74801be1f3c9576a3b304d3d5ab7d40", "dueDate": "2022-01-15T00:00:00", "installmentValue": "23.59"}, {"installmentId": "93617dc35dad95fabeac9dec8918f517", "dueDate": "2021-10-15T00:00:00", "installmentValue": "23.58"}, {"installmentId": "0cbdb059a7d4f79a6eaa3bb05544a62c", "dueDate": "2021-08-15T00:00:00", "installmentValue": "23.58"}, {"installmentId": "49ec200d0d8b736cc93906f9daaae402", "dueDate": "2021-11-15T00:00:00", "installmentValue": "23.58"}, {"installmentId": "cc13de95f2bd60ba1c2cc65da756bd2d", "dueDate": "2021-09-15T00:00:00", "installmentValue": "23.58"}, {"installmentId": "60b1272744adf34e23520b11ec3bd431", "dueDate": "2021-07-15T00:00:00", "installmentValue": "23.58"}, {"installmentId": "af31413db9640bb958b189bbf779deff", "dueDate": "2021-05-15T00:00:00", "installmentValue": "23.58"}, {"installmentId": "2e24675d3d33071f1cdbda794f7bbcf4", "dueDate": "2021-06-15T00:00:00", "installmentValue": "23.58"}, {"installmentId": "5045b9cd4f68d528110259fb02876a15", "dueDate": "2021-04-15T00:00:00", "installmentValue": "23.58"}]}