{"originationId": "07de08608900c75b86e1413fc18beb1f", "clientId": "4a0326c7c8b773168ad2516f263f0be5", "registerDate": "2021-05-08T00:00:00", "installments": [{"installmentId": "9f7fd52b27f6282a3d4e9e35d092b397", "dueDate": "2021-06-15T00:00:00", "installmentValue": "55.99"}, {"installmentId": "b2270dd9124fd913c2ae897cb4b06a86", "dueDate": "2021-09-15T00:00:00", "installmentValue": "55.99"}, {"installmentId": "c7df95a7f277d6722d88215213b3108e", "dueDate": "2021-10-15T00:00:00", "installmentValue": "56.01"}, {"installmentId": "f0e3cef8b13d762f2965819055048b54", "dueDate": "2021-07-15T00:00:00", "installmentValue": "55.99"}, {"installmentId": "13adc1c1fe6f0442978451be4935e18f", "dueDate": "2021-08-15T00:00:00", "installmentValue": "55.99"}]}