{"originationId": "096da663e511daba95db9d727610e5b9", "clientId": "6fa324bc2a776dc0696ea927fdcb14c4", "registerDate": "2021-02-26T00:00:00", "installments": [{"installmentId": "2fb8429bcdc235af706e3dd7df3b8fac", "dueDate": "2021-04-15T00:00:00", "installmentValue": "63.49"}, {"installmentId": "12714ddb0283c653afcb19435d659b0e", "dueDate": "2021-07-15T00:00:00", "installmentValue": "63.49"}, {"installmentId": "be1710aa7f6074b6dc739c81df50f7f0", "dueDate": "2021-08-15T00:00:00", "installmentValue": "63.51"}, {"installmentId": "4b10c64703e2a0d6a1094b148cf564b1", "dueDate": "2021-06-15T00:00:00", "installmentValue": "63.49"}, {"installmentId": "2fc543485db9c72d28fc3f30153951a1", "dueDate": "2021-05-15T00:00:00", "installmentValue": "63.49"}]}