{"originationId": "0ac283c4cf0217c7134ae2d1537acc8f", "clientId": "5c3ace5cbc999f8ef4dac732012da04c", "registerDate": "2021-03-20T00:00:00", "installments": [{"installmentId": "ba0319c3bddd81badc991cf6730f85fc", "dueDate": "2021-08-20T00:00:00", "installmentValue": "87.08"}, {"installmentId": "a39606e6778cd4f9c33d92fed81d35a7", "dueDate": "2021-10-20T00:00:00", "installmentValue": "87.08"}, {"installmentId": "553ecdb5ef41b47cbc29f99534172aed", "dueDate": "2022-01-20T00:00:00", "installmentValue": "87.08"}, {"installmentId": "27fa697044ae665622163b1688b5dbbd", "dueDate": "2021-09-20T00:00:00", "installmentValue": "87.08"}, {"installmentId": "0a71b533ef779b3d8225cb99ebf492d4", "dueDate": "2021-06-20T00:00:00", "installmentValue": "87.08"}, {"installmentId": "bda49296b5f20a55b2f876498146af67", "dueDate": "2021-11-20T00:00:00", "installmentValue": "87.08"}, {"installmentId": "6b10ae9d1dd076fbdfba828da20869ec", "dueDate": "2022-02-20T00:00:00", "installmentValue": "87.12"}, {"installmentId": "5609b26302bdfb182816fc43b73467db", "dueDate": "2021-05-20T00:00:00", "installmentValue": "87.08"}, {"installmentId": "083291b03427f6d9fee20f5fae526328", "dueDate": "2021-12-20T00:00:00", "installmentValue": "87.08"}, {"installmentId": "ca9ca718413a940a33d2c1f03aa4c50e", "dueDate": "2021-07-20T00:00:00", "installmentValue": "87.08"}]}