{"originationId": "0afc0743db99be0db3c6ab4dd4143eaf", "clientId": "465c90e4f838dca50083d3620da11178", "registerDate": "2021-04-24T00:00:00", "installments": [{"installmentId": "4a01a52379379cd6fcd812a68315fb83", "dueDate": "2021-12-10T00:00:00", "installmentValue": "69.98"}, {"installmentId": "16656e8f70f467f2997024dbf7c5225a", "dueDate": "2021-11-10T00:00:00", "installmentValue": "69.98"}, {"installmentId": "fdb5e89a4597eaec96c97e89fed68775", "dueDate": "2021-08-10T00:00:00", "installmentValue": "69.98"}, {"installmentId": "fa169be577eb0c96e2537147e851a7b3", "dueDate": "2022-03-10T00:00:00", "installmentValue": "69.98"}, {"installmentId": "3605588f4f9784f15c71c0f930c262d7", "dueDate": "2021-07-10T00:00:00", "installmentValue": "69.98"}, {"installmentId": "b580150a72a519f0597f107f5d0a139c", "dueDate": "2021-10-10T00:00:00", "installmentValue": "69.98"}, {"installmentId": "324a67664ca4099a37d300c8eb91a2aa", "dueDate": "2021-06-10T00:00:00", "installmentValue": "69.98"}, {"installmentId": "0f3c2bfbbaad1f80f3fcea4e48ddb64a", "dueDate": "2022-01-10T00:00:00", "installmentValue": "69.98"}, {"installmentId": "0e39b0c8dce6f04b4f81addde1289636", "dueDate": "2021-09-10T00:00:00", "installmentValue": "69.98"}, {"installmentId": "52b3ca5247604b7918b2d98bc33b23b4", "dueDate": "2022-02-10T00:00:00", "installmentValue": "69.98"}]}