{"originationId": "0b96acfbf41fb0a31748d76ca8975cb0", "clientId": "1f1a7e7c2a0633d4524c9fadd0ec0368", "registerDate": "2021-04-01T00:00:00", "installments": [{"installmentId": "48a431230b01f149e15d674ec2d71917", "dueDate": "2021-12-15T00:00:00", "installmentValue": "6.00"}, {"installmentId": "93b46239efef0b9130c2fc47f11e07ae", "dueDate": "2021-04-15T00:00:00", "installmentValue": "6.00"}, {"installmentId": "6e698aa4aa2273a026923f9e03b16185", "dueDate": "2021-05-15T00:00:00", "installmentValue": "6.00"}, {"installmentId": "de56a563ebef64851bb23ba651e2e780", "dueDate": "2021-09-15T00:00:00", "installmentValue": "6.00"}, {"installmentId": "f2a537bab8e694de7b667a4769bb9fd7", "dueDate": "2021-11-15T00:00:00", "installmentValue": "6.00"}, {"installmentId": "890eeb04d679f7ec800929eb7cf12a74", "dueDate": "2021-08-15T00:00:00", "installmentValue": "6.00"}, {"installmentId": "b827a58867a524600b9f9ee352c34885", "dueDate": "2021-10-15T00:00:00", "installmentValue": "6.00"}, {"installmentId": "727201457e016d502ab45431511d252c", "dueDate": "2021-07-15T00:00:00", "installmentValue": "6.00"}, {"installmentId": "5ffd0f6a2e02cc525f322530e8143f87", "dueDate": "2022-01-15T00:00:00", "installmentValue": "5.98"}, {"installmentId": "1b69c722f656c1fcc1bdf0fd15893f26", "dueDate": "2021-06-15T00:00:00", "installmentValue": "6.00"}]}