{"originationId": "0d01f387f96996ac6b775aed8cf14930", "clientId": "b3ed3b856056396eac59b1aab17aa23a", "registerDate": "2021-05-17T00:00:00", "installments": [{"installmentId": "c789ab3c716a3dd30276e08a57935c6e", "dueDate": "2021-10-15T00:00:00", "installmentValue": "35.18"}, {"installmentId": "6cd15056c6ac8d7ebb87d78b370e2691", "dueDate": "2021-11-15T00:00:00", "installmentValue": "35.17"}, {"installmentId": "cdcd4c4e2f3b3094fcb30a0bfde19932", "dueDate": "2021-08-15T00:00:00", "installmentValue": "35.18"}, {"installmentId": "da317c4a9a52992258a6ffe5f0cec37c", "dueDate": "2021-07-15T00:00:00", "installmentValue": "35.18"}, {"installmentId": "771d5120210411dc3cf0f8a80262ccc0", "dueDate": "2021-09-15T00:00:00", "installmentValue": "35.18"}]}