{"originationId": "10c0c61226225f16a16f278daab9211b", "clientId": "484a2f04a95ea443677815666c59b3c8", "registerDate": "2021-02-08T00:00:00", "installments": [{"installmentId": "ae708bad766ca44a284eeb33b836bf44", "dueDate": "2021-05-05T00:00:00", "installmentValue": "93.32"}, {"installmentId": "7ec58a853036196365ee22fce9793539", "dueDate": "2021-04-05T00:00:00", "installmentValue": "93.32"}, {"installmentId": "78f6c0d97ecf30944bfd61e4ca530e70", "dueDate": "2021-03-05T00:00:00", "installmentValue": "93.32"}]}