{"originationId": "1108e6afb5ca52ac15f92298c289347b", "clientId": "525de972e2151ca6fd6ede0f7e6a5ffd", "registerDate": "2021-02-17T00:00:00", "installments": [{"installmentId": "71e41133f7f274ce6b0fd45e71ed643b", "dueDate": "2021-12-25T00:00:00", "installmentValue": "34.11"}, {"installmentId": "a4b4c53859a467f159e190e118e2fd41", "dueDate": "2021-11-25T00:00:00", "installmentValue": "34.11"}, {"installmentId": "9b825c04069da395b6da8c784837714f", "dueDate": "2021-07-25T00:00:00", "installmentValue": "34.11"}, {"installmentId": "41ae109de6b6a05c0f90e4ed44f23f47", "dueDate": "2022-01-25T00:00:00", "installmentValue": "34.09"}, {"installmentId": "73cce518ac81017c2ac7e59ab220273a", "dueDate": "2021-05-25T00:00:00", "installmentValue": "34.11"}, {"installmentId": "121ad9d1bf05b07aab3067d0f746030a", "dueDate": "2021-10-25T00:00:00", "installmentValue": "34.11"}, {"installmentId": "29f15cfd36712272bd4f8d59f5cdb739", "dueDate": "2021-08-25T00:00:00", "installmentValue": "34.11"}, {"installmentId": "37f2202bceb0507ebd4865b545d00d49", "dueDate": "2021-06-25T00:00:00", "installmentValue": "34.11"}, {"installmentId": "baf0e310c8eb159c3aa3f2cc823872c2", "dueDate": "2021-04-25T00:00:00", "installmentValue": "34.11"}, {"installmentId": "d71fb5f52179cd6993b9d4b2ef12a528", "dueDate": "2021-09-25T00:00:00", "installmentValue": "34.11"}]}