{"originationId": "1236b42e5f8a0b2a4014bcb01a80daac", "clientId": "4b856296edf493b9e4208ad200ab1c2e", "registerDate": "2021-02-17T00:00:00", "installments": [{"installmentId": "ed853de81c8e76e18c354bc17ec23b7b", "dueDate": "2021-07-28T00:00:00", "installmentValue": "77.77"}, {"installmentId": "ce7960eeba57c90bab5b3547bcb12507", "dueDate": "2021-08-28T00:00:00", "installmentValue": "77.77"}, {"installmentId": "5d679057cd27f898a595ae4e1c9eca4c", "dueDate": "2021-06-28T00:00:00", "installmentValue": "77.77"}, {"installmentId": "e043f0a22b96c5d29e0bc7c378794469", "dueDate": "2021-05-28T00:00:00", "installmentValue": "77.77"}, {"installmentId": "67e4385ba68760d8bb66ac13501a2a00", "dueDate": "2021-04-28T00:00:00", "installmentValue": "77.77"}]}