{"originationId": "129541b6dc8d9185120f006567f2a709", "clientId": "2c56da5a988614d10e06a70eb912b67a", "registerDate": "2021-06-08T00:00:00", "installments": [{"installmentId": "e57a755d438887f81337ceb5d9d9a616", "dueDate": "2021-07-15T00:00:00", "installmentValue": "17.00"}, {"installmentId": "ed50c6d2e88de29847dea7d35aeaeb7c", "dueDate": "2022-04-15T00:00:00", "installmentValue": "16.98"}, {"installmentId": "c442b8670a08eb100e3a713958c920a0", "dueDate": "2021-12-15T00:00:00", "installmentValue": "17.00"}, {"installmentId": "bd67d80ed89083fd355ec4ea69036b0d", "dueDate": "2022-02-15T00:00:00", "installmentValue": "17.00"}, {"installmentId": "058e9addddd4e7ae45932da8020cbce1", "dueDate": "2021-09-15T00:00:00", "installmentValue": "17.00"}, {"installmentId": "947dedc1f29dea5e8c46c24f10f392c2", "dueDate": "2021-08-15T00:00:00", "installmentValue": "17.00"}, {"installmentId": "7d5d2df9dc27589cd76988fadbd98c3d", "dueDate": "2021-11-15T00:00:00", "installmentValue": "17.00"}, {"installmentId": "b78a89807ead6a1eaec1b888b9c92e2d", "dueDate": "2021-10-15T00:00:00", "installmentValue": "17.00"}, {"installmentId": "2d2be6a2e5e9e4a78770f5cdfd1edbdc", "dueDate": "2022-03-15T00:00:00", "installmentValue": "17.00"}, {"installmentId": "a5eae6c08898301dcd1164e613739805", "dueDate": "2022-01-15T00:00:00", "installmentValue": "17.00"}]}