{"originationId": "130bcedcbc3302ba5bd8e1aa939c97c5", "clientId": "473f7ebd49263d84c18f006e6e0a8a08", "registerDate": "2021-05-06T00:00:00", "installments": [{"installmentId": "6ac7be32e24fe8f22d659df825ec8c1a", "dueDate": "2021-12-15T00:00:00", "installmentValue": "449.97"}, {"installmentId": "45085802213de90f60ce6abbe87fdda3", "dueDate": "2021-11-15T00:00:00", "installmentValue": "449.97"}, {"installmentId": "f50f2682143cad07ce87c33e08c98050", "dueDate": "2022-03-15T00:00:00", "installmentValue": "449.97"}, {"installmentId": "02231c6646b81ae496e38424af805551", "dueDate": "2021-08-15T00:00:00", "installmentValue": "449.97"}, {"installmentId": "3006d2291518942a551e7a101b46b172", "dueDate": "2022-02-15T00:00:00", "installmentValue": "449.97"}, {"installmentId": "003c69e439c680a2a7c741bb7da016ed", "dueDate": "2021-07-15T00:00:00", "installmentValue": "449.97"}, {"installmentId": "badf4b95c4ccc6f3aea6ff71a02babe1", "dueDate": "2021-10-15T00:00:00", "installmentValue": "449.97"}, {"installmentId": "59b8e9964d2d40f4962baef0f0e8f455", "dueDate": "2022-01-15T00:00:00", "installmentValue": "449.97"}, {"installmentId": "2cd053d2ee81f1fa0838370198d72867", "dueDate": "2021-06-15T00:00:00", "installmentValue": "449.97"}, {"installmentId": "9f0eb2a2945bf699148af9b329a2de6a", "dueDate": "2021-09-15T00:00:00", "installmentValue": "449.97"}]}