{"originationId": "16b25fa2164d4d0ba233c6a9cce0c0b1", "clientId": "ee6701a28488228a79a095e9cd5bf1c8", "registerDate": "2021-01-19T00:00:00", "installments": [{"installmentId": "00a5fefc1fce78c7a60407d9b538f299", "dueDate": "2021-05-15T00:00:00", "installmentValue": "55.19"}, {"installmentId": "937290373f9493356d928f939cbeca5b", "dueDate": "2021-07-15T00:00:00", "installmentValue": "55.17"}, {"installmentId": "f846e34b79f6f3819fd8a540d5d1a25b", "dueDate": "2021-03-15T00:00:00", "installmentValue": "55.19"}, {"installmentId": "dc79f6ba2ed4971d109fb9f84a991d63", "dueDate": "2021-04-15T00:00:00", "installmentValue": "55.19"}, {"installmentId": "a668e93267abd758613f4589e2a7f23a", "dueDate": "2021-06-15T00:00:00", "installmentValue": "55.19"}]}