{"originationId": "18422619ceb3ca6c7d917f8b6fdb14e6", "clientId": "b2f2256751213c6e212b4d0bc128ddbf", "registerDate": "2021-06-23T00:00:00", "installments": [{"installmentId": "fdf302cdf68513718f475284527b1ed1", "dueDate": "2021-08-15T00:00:00", "installmentValue": "71.41"}, {"installmentId": "f5cdeeeaacb3f895bcf8b63a8420fe80", "dueDate": "2021-12-15T00:00:00", "installmentValue": "71.41"}, {"installmentId": "07f0f6ed20ccac536114e0bd10275458", "dueDate": "2021-10-15T00:00:00", "installmentValue": "71.41"}, {"installmentId": "f8beac7237da09182fce4d4d8df8ecd3", "dueDate": "2021-09-15T00:00:00", "installmentValue": "71.41"}, {"installmentId": "dfdaf142b3fe475b678c16394b337e4f", "dueDate": "2021-11-15T00:00:00", "installmentValue": "71.41"}, {"installmentId": "16737dfce876039f4d91577d6204b606", "dueDate": "2022-02-15T00:00:00", "installmentValue": "71.43"}, {"installmentId": "f18453768c0e4af535f72aca318e50ef", "dueDate": "2022-01-15T00:00:00", "installmentValue": "71.41"}]}