{"originationId": "1bc6afce1e4d8aa0ac7064591eed5c1e", "clientId": "ba0ba93988b228cb8bfb0e495d1d4b9c", "registerDate": "2021-04-20T00:00:00", "installments": [{"installmentId": "d6e5c0bc82dd175e214dbc0851e06045", "dueDate": "2021-06-15T00:00:00", "installmentValue": "34.99"}, {"installmentId": "9734dd92310f3b4afb942f283fc47bfc", "dueDate": "2021-07-15T00:00:00", "installmentValue": "34.99"}, {"installmentId": "d8acaa781f38fbf17e62970e5eb71589", "dueDate": "2021-10-15T00:00:00", "installmentValue": "35.00"}, {"installmentId": "40cc2504ed1d1e889440cb325127d2f8", "dueDate": "2021-08-15T00:00:00", "installmentValue": "34.99"}, {"installmentId": "02444800d88706d064aa126f7a02f195", "dueDate": "2021-09-15T00:00:00", "installmentValue": "34.99"}]}