{"originationId": "1c191cf120b68ea2402d118d49efabf0", "clientId": "5124dd44dd48b0f92da126790b7597f4", "registerDate": "2021-02-11T00:00:00", "installments": [{"installmentId": "26c81269ce7b0113e9163452b5d1e384", "dueDate": "2021-05-10T00:00:00", "installmentValue": "119.76"}, {"installmentId": "655ac15435f8031b0af7a59cb2e145a8", "dueDate": "2021-04-10T00:00:00", "installmentValue": "119.76"}, {"installmentId": "bf1ceb5c2777360def75fb9c4f018a89", "dueDate": "2021-07-10T00:00:00", "installmentValue": "119.75"}, {"installmentId": "4bc43de29f14f830b451391be907da30", "dueDate": "2021-03-10T00:00:00", "installmentValue": "119.76"}, {"installmentId": "3b6a376cbedcbcd62e50229e421fea69", "dueDate": "2021-06-10T00:00:00", "installmentValue": "119.76"}]}