{"originationId": "1c602fb876e6b5f396dcf329c376bfe2", "clientId": "57372a97ba059089bfc8556fdfb1be1b", "registerDate": "2021-01-02T00:00:00", "installments": [{"installmentId": "80b236085b0e90d5f32c6add9d077c64", "dueDate": "2021-04-10T00:00:00", "installmentValue": "121.99"}, {"installmentId": "5018a95d15c10924e57c8cda26dfcafb", "dueDate": "2021-05-10T00:00:00", "installmentValue": "121.99"}, {"installmentId": "988f7ca3f457e0c7519ffafdbf29d7e2", "dueDate": "2021-03-10T00:00:00", "installmentValue": "121.99"}, {"installmentId": "3eacfbc5283a23e993bf2659d2b797ab", "dueDate": "2021-02-10T00:00:00", "installmentValue": "121.99"}, {"installmentId": "98056a8c4ee2cf191216752309506e08", "dueDate": "2021-06-10T00:00:00", "installmentValue": "121.97"}]}