{"originationId": "1e7426d70d9bb054e13d1b8c02452b4c", "clientId": "9644ab7c96a04b37a43740e83c22abb1", "registerDate": "2021-05-20T00:00:00", "installments": [{"installmentId": "4a330d01cfc9f08d1695cbe2c804090a", "dueDate": "2021-11-15T00:00:00", "installmentValue": "64.00"}, {"installmentId": "68a3bbe723d5551b1c5c05641a5c9f6d", "dueDate": "2021-09-15T00:00:00", "installmentValue": "63.99"}, {"installmentId": "a644f938a95120b88db1ab252a5b1a30", "dueDate": "2021-08-15T00:00:00", "installmentValue": "63.99"}, {"installmentId": "c8c0ff74169da7d8f8ba2fbbd11980bd", "dueDate": "2021-10-15T00:00:00", "installmentValue": "63.99"}, {"installmentId": "93baccd8bea0dc6acf5cc7d618827973", "dueDate": "2021-07-15T00:00:00", "installmentValue": "63.99"}]}