{"originationId": "1f5110f41c6b7e31629f8557c1dd8136", "clientId": "57372a97ba059089bfc8556fdfb1be1b", "registerDate": "2021-01-23T00:00:00", "installments": [{"installmentId": "5293a3fa63e2cc1111dd118a3166456a", "dueDate": "2021-03-10T00:00:00", "installmentValue": "49.97"}, {"installmentId": "1ce01d5622de9a7e311174e621f9d1a8", "dueDate": "2021-04-10T00:00:00", "installmentValue": "49.97"}, {"installmentId": "8fba21d4e706d44c9c474be2bc3d9825", "dueDate": "2021-05-10T00:00:00", "installmentValue": "49.96"}]}