{"originationId": "21f6b8fc98c94ac321a4d9766e7a632f", "clientId": "5124dd44dd48b0f92da126790b7597f4", "registerDate": "2021-03-11T00:00:00", "installments": [{"installmentId": "b099b8adb6b7cb903b79348c7d2f9565", "dueDate": "2021-05-10T00:00:00", "installmentValue": "59.98"}, {"installmentId": "b67609f39543a656a51eccc70d6dc1e0", "dueDate": "2021-04-10T00:00:00", "installmentValue": "59.98"}, {"installmentId": "000ff4486ba0b7a57708bd9ac739d93a", "dueDate": "2021-07-10T00:00:00", "installmentValue": "59.98"}, {"installmentId": "e6541d58a45d9659fc0f0c5433977feb", "dueDate": "2021-06-10T00:00:00", "installmentValue": "59.98"}, {"installmentId": "e5e4c3f37300865e754d0c078c8b0e8a", "dueDate": "2021-08-10T00:00:00", "installmentValue": "59.96"}]}