{"originationId": "23220de77a2c558e035ab4d2787673f0", "clientId": "b3ed3b856056396eac59b1aab17aa23a", "registerDate": "2021-03-20T00:00:00", "installments": [{"installmentId": "a45744206f8b668154257a6d8aed4424", "dueDate": "2021-11-15T00:00:00", "installmentValue": "4.60"}, {"installmentId": "db72334550b34dcf877d83a19762379e", "dueDate": "2021-08-15T00:00:00", "installmentValue": "15.60"}, {"installmentId": "6e22d225cb2534f4ba328168c9377d55", "dueDate": "2021-12-15T00:00:00", "installmentValue": "4.60"}, {"installmentId": "94144420ecd69e8020adc583b07d1e42", "dueDate": "2021-06-15T00:00:00", "installmentValue": "15.60"}, {"installmentId": "e6693f5e43c89e7c9aa8f54e8e60ef9c", "dueDate": "2022-01-15T00:00:00", "installmentValue": "4.6"}, {"installmentId": "4ef95b862e1e833fd8d06e987c53d240", "dueDate": "2021-10-15T00:00:00", "installmentValue": "4.60"}, {"installmentId": "7d16e7f8a0b455f071e716261d30b53b", "dueDate": "2022-02-15T00:00:00", "installmentValue": "4.56"}, {"installmentId": "6b12ae5edde5b32d8d23349ce9603b31", "dueDate": "2021-05-15T00:00:00", "installmentValue": "15.60"}, {"installmentId": "147b6565033cfe962b9b00958ef88e23", "dueDate": "2021-09-15T00:00:00", "installmentValue": "15.60"}, {"installmentId": "9ef9126ad85076cbfba6c01d548d31a6", "dueDate": "2021-07-15T00:00:00", "installmentValue": "15.60"}]}