{"originationId": "23232df0b52a2eeab7e143ab5fe22ba8", "clientId": "91d456301e9189bf09a2c6c245ba3f50", "registerDate": "2021-06-07T00:00:00", "installments": [{"installmentId": "14fe4467c4bb53be2a25264da9d97bac", "dueDate": "2021-07-10T00:00:00", "installmentValue": "30.49"}, {"installmentId": "a841925544a6555c5903c68aa4fe45d4", "dueDate": "2021-12-10T00:00:00", "installmentValue": "30.49"}, {"installmentId": "7274b28909291e2c67bd9eac7254d8ef", "dueDate": "2021-11-10T00:00:00", "installmentValue": "30.49"}, {"installmentId": "914ee1dbb90fd282c2914a18c68658f5", "dueDate": "2021-10-10T00:00:00", "installmentValue": "30.49"}, {"installmentId": "41ebff0325794cbbb462f10a9d6bb679", "dueDate": "2021-08-10T00:00:00", "installmentValue": "30.49"}, {"installmentId": "ed4e7cb0659adc747a735b3634166647", "dueDate": "2022-03-10T00:00:00", "installmentValue": "30.49"}, {"installmentId": "636c02e8de9408c6cd5edd2b25ddb33d", "dueDate": "2021-09-10T00:00:00", "installmentValue": "30.49"}, {"installmentId": "9f9eb1a153709a974d10533f8074f700", "dueDate": "2022-01-10T00:00:00", "installmentValue": "30.49"}, {"installmentId": "69b117b2a862b0693a2a31eb30af06e6", "dueDate": "2022-02-10T00:00:00", "installmentValue": "30.49"}, {"installmentId": "c5cb0f2931d6e5e24b8b20b09eae9079", "dueDate": "2022-04-10T00:00:00", "installmentValue": "30.51"}]}