{"originationId": "2452e5d5f434ff45bf763b574982c157", "clientId": "cbb19b1ef0cdb8c6ac11ae2b978d580a", "registerDate": "2021-03-01T00:00:00", "installments": [{"installmentId": "40c22935bfcbf7b0b4824a2345d37068", "dueDate": "2021-04-10T00:00:00", "installmentValue": "40.00"}, {"installmentId": "98f123e7b13c54b851ab9e53aae0f79d", "dueDate": "2021-08-10T00:00:00", "installmentValue": "39.99"}, {"installmentId": "1e97005bf789546da997b34802e1475f", "dueDate": "2021-05-10T00:00:00", "installmentValue": "40"}, {"installmentId": "7aa1e270c066411796cbe87cc9629383", "dueDate": "2021-07-10T00:00:00", "installmentValue": "40"}, {"installmentId": "892194639ccf2759bc67bfbe40e36c1d", "dueDate": "2021-06-10T00:00:00", "installmentValue": "40"}]}