{"originationId": "24fb3547a9ce5fca10b220640d3fbb6a", "clientId": "525de972e2151ca6fd6ede0f7e6a5ffd", "registerDate": "2021-01-28T00:00:00", "installments": [{"installmentId": "6b70d012ac8a9f6c90d428315579df86", "dueDate": "2021-03-25T00:00:00", "installmentValue": "10.00"}, {"installmentId": "d6431163b81dbfda4390a08af2b7fac5", "dueDate": "2021-07-25T00:00:00", "installmentValue": "9.98"}, {"installmentId": "4339c7c22901e3dabdbd5f2073ce84a9", "dueDate": "2021-06-25T00:00:00", "installmentValue": "10.00"}, {"installmentId": "aab34beef6b34dcce0efb2f87cd0ddf2", "dueDate": "2021-05-25T00:00:00", "installmentValue": "10.00"}, {"installmentId": "8f8310c980aaa2dd93f55dcf5e87e059", "dueDate": "2021-04-25T00:00:00", "installmentValue": "10.00"}]}