{"originationId": "2ab93b4f7b7b9c3834937dbd352ee31a", "clientId": "49dcdad82e0863575817e50b7c5daed0", "registerDate": "2021-04-09T00:00:00", "installments": [{"installmentId": "ebd0d2dca0d983324f27f2541e87af01", "dueDate": "2021-09-15T00:00:00", "installmentValue": "91.37"}, {"installmentId": "51f6385db0f663abb155f3cb81b2f33b", "dueDate": "2021-08-15T00:00:00", "installmentValue": "91.36"}, {"installmentId": "02b65b9a3035929a63841ad46666c861", "dueDate": "2021-06-15T00:00:00", "installmentValue": "91.36"}, {"installmentId": "de914cfa856748bb72a49fe9e00f69c6", "dueDate": "2021-07-15T00:00:00", "installmentValue": "91.36"}, {"installmentId": "0c51bdee3a5a85a6f01cd3f9204468eb", "dueDate": "2021-05-15T00:00:00", "installmentValue": "91.36"}]}