{"originationId": "2c993f75c66d8d6d368e5e93c0fded3c", "clientId": "19afba4a538865869f6d47e89533eec6", "registerDate": "2021-04-07T00:00:00", "installments": [{"installmentId": "45e1dcd457019fae6fdb4626a6c840ce", "dueDate": "2021-08-15T00:00:00", "installmentValue": "36.34"}, {"installmentId": "7a042b517b1089e501ff6797c8650771", "dueDate": "2021-05-15T00:00:00", "installmentValue": "36.34"}, {"installmentId": "9ee20d2eddfb47762b8e00d2a4100986", "dueDate": "2021-09-15T00:00:00", "installmentValue": "36.35"}, {"installmentId": "898e810c485eef0af46bac0d42b3079f", "dueDate": "2021-07-15T00:00:00", "installmentValue": "36.34"}, {"installmentId": "179288706fbdabc6ef39784a0e1ed558", "dueDate": "2021-06-15T00:00:00", "installmentValue": "36.34"}]}