{"originationId": "2cc649bd05e576b132d45247846a3727", "clientId": "dfe82835975573bf2f57769c16e7f504", "registerDate": "2021-06-26T00:00:00", "installments": [{"installmentId": "7b3cf32d8f9c016530bf6fe2e00b33eb", "dueDate": "2021-12-10T00:00:00", "installmentValue": "19.99"}, {"installmentId": "6d6b9ce10d9c549366d3c2f5b435915c", "dueDate": "2022-03-10T00:00:00", "installmentValue": "19.99"}, {"installmentId": "eefb34c56e183c4db5fa78d19af7cc95", "dueDate": "2022-01-10T00:00:00", "installmentValue": "19.99"}, {"installmentId": "9091ad7ced55d5cf72e924740e87e8b3", "dueDate": "2021-08-10T00:00:00", "installmentValue": "19.99"}, {"installmentId": "13a2c786637aac174b55810024d19200", "dueDate": "2021-10-10T00:00:00", "installmentValue": "19.99"}, {"installmentId": "e4f4005fd8906bd6d087bc64934127ca", "dueDate": "2022-02-10T00:00:00", "installmentValue": "19.99"}, {"installmentId": "5fdc5320e9e81895cf4d610386f218cc", "dueDate": "2021-11-10T00:00:00", "installmentValue": "19.99"}, {"installmentId": "73fad3f05954c73a692d58ca5ab39259", "dueDate": "2021-09-10T00:00:00", "installmentValue": "19.99"}, {"installmentId": "a7a6bd42507e3f6f9659000901c3352c", "dueDate": "2022-04-10T00:00:00", "installmentValue": "19.99"}, {"installmentId": "56b0a0d221261335a8a9cc54e578d7e0", "dueDate": "2022-05-10T00:00:00", "installmentValue": "19.99"}]}