{"originationId": "2ecb560d705d4bb765d881e9381f8476", "clientId": "a4ceb92fbea522d953abad016b3efacd", "registerDate": "2021-01-12T00:00:00", "installments": [{"installmentId": "f43743495750f8593340848a7fe5cd4c", "dueDate": "2021-02-15T00:00:00", "installmentValue": "73.98"}, {"installmentId": "819096e5707609778065ca36206d3ac8", "dueDate": "2021-08-15T00:00:00", "installmentValue": "73.98"}, {"installmentId": "e65e406fb7e59fe0c19b350bc49e9131", "dueDate": "2021-04-15T00:00:00", "installmentValue": "73.98"}, {"installmentId": "7b836599077423bd22cd3419a66b826c", "dueDate": "2021-06-15T00:00:00", "installmentValue": "73.98"}, {"installmentId": "86bf4aded58deab29a1a90bd8efd31c4", "dueDate": "2021-09-15T00:00:00", "installmentValue": "73.98"}, {"installmentId": "57399cf0c9eb517f32a1a6aedb90328c", "dueDate": "2021-11-15T00:00:00", "installmentValue": "73.98"}, {"installmentId": "d41e2cd669cd1746e8df5d445713c1fc", "dueDate": "2021-10-15T00:00:00", "installmentValue": "73.98"}, {"installmentId": "55e0f0789ebd446da27e140eb8cd4343", "dueDate": "2021-03-15T00:00:00", "installmentValue": "73.98"}, {"installmentId": "d4e1a7383b2b8ee732da9caf4a51ca61", "dueDate": "2021-07-15T00:00:00", "installmentValue": "73.98"}, {"installmentId": "a1ab77657e3d287e7f9bd932da64f71a", "dueDate": "2021-05-15T00:00:00", "installmentValue": "73.98"}]}