{"originationId": "327f83d2fea3c471f99ad3c43b109ba7", "clientId": "49d1b8c54f8981e75e159430a0efbe24", "registerDate": "2021-05-30T00:00:00", "installments": [{"installmentId": "31e7deb446bd03510168cfad7dd58315", "dueDate": "2021-10-10T00:00:00", "installmentValue": "103.18"}, {"installmentId": "5a235847ec7397442c19124511d4b423", "dueDate": "2021-07-10T00:00:00", "installmentValue": "103.18"}, {"installmentId": "33ac2210f84cd143bd8f07a4847e7bd1", "dueDate": "2021-09-10T00:00:00", "installmentValue": "103.18"}, {"installmentId": "81f888e5287044d323c864848b8aae98", "dueDate": "2021-11-10T00:00:00", "installmentValue": "103.18"}, {"installmentId": "17b24fea1e371833c7a7eeeb158f0322", "dueDate": "2021-08-10T00:00:00", "installmentValue": "103.18"}]}