{"originationId": "3702c400acb9c7058dbc905904abbdb6", "clientId": "465c90e4f838dca50083d3620da11178", "registerDate": "2021-06-20T00:00:00", "installments": [{"installmentId": "f128adcc40a69ca7548f7d5422f15e4f", "dueDate": "2022-02-10T00:00:00", "installmentValue": "13.00"}, {"installmentId": "2a3fc587aa36f4d4a2621d7e6386b494", "dueDate": "2021-12-10T00:00:00", "installmentValue": "13.00"}, {"installmentId": "142c25a626dbe5d2cc5bc63b32760117", "dueDate": "2021-09-10T00:00:00", "installmentValue": "13.00"}, {"installmentId": "dbe45dc9dd1a5fab274e699ccd30bc27", "dueDate": "2022-04-10T00:00:00", "installmentValue": "12.98"}, {"installmentId": "cb64de4c009094d6f88c5d34f4947770", "dueDate": "2022-01-10T00:00:00", "installmentValue": "13.00"}, {"installmentId": "573d768cd905157a43c42d8903ff3030", "dueDate": "2021-07-10T00:00:00", "installmentValue": "13.00"}, {"installmentId": "4724b5682230268005dad6b90b397bc7", "dueDate": "2021-10-10T00:00:00", "installmentValue": "13.00"}, {"installmentId": "505f3cbdf621bf5e2c3dda62f11186a3", "dueDate": "2021-08-10T00:00:00", "installmentValue": "13.00"}, {"installmentId": "40657f938a2c292db90a3a9e4d7d450f", "dueDate": "2022-03-10T00:00:00", "installmentValue": "13.00"}, {"installmentId": "8c769bc4f0a291b37d2e0c54253c2565", "dueDate": "2021-11-10T00:00:00", "installmentValue": "13.00"}]}