{"originationId": "3ac1e6f2a8bfbc142ddb5adcec7de434", "clientId": "5c3ace5cbc999f8ef4dac732012da04c", "registerDate": "2021-01-31T00:00:00", "installments": [{"installmentId": "61cd4991abbf4c8e7dcc42df77835a48", "dueDate": "2021-08-20T00:00:00", "installmentValue": "77.98"}, {"installmentId": "2686e5bd643b58a87ee8398d904c7ac0", "dueDate": "2021-03-20T00:00:00", "installmentValue": "77.98"}, {"installmentId": "b0fbeefb1d29707fd31007a11c70eec0", "dueDate": "2021-12-20T00:00:00", "installmentValue": "77.98"}, {"installmentId": "5d968ef76deea567f6b9489680eb9821", "dueDate": "2021-04-20T00:00:00", "installmentValue": "77.98"}, {"installmentId": "ca1dd1f0b36b29f182b90a4861e7de1e", "dueDate": "2021-10-20T00:00:00", "installmentValue": "77.98"}, {"installmentId": "98822b06829687db22b6fb3dca5f5268", "dueDate": "2021-07-20T00:00:00", "installmentValue": "77.98"}, {"installmentId": "4cad9ccff758090f613d44a543cb4486", "dueDate": "2021-06-20T00:00:00", "installmentValue": "77.98"}, {"installmentId": "31a82d259bdf67fe68b7099d6d0eb572", "dueDate": "2021-05-20T00:00:00", "installmentValue": "77.98"}, {"installmentId": "2d269aef7dd777b11865c55ae65f0fb0", "dueDate": "2021-09-20T00:00:00", "installmentValue": "77.98"}, {"installmentId": "7082fd50095882e694d48ffe6d69fd6e", "dueDate": "2021-11-20T00:00:00", "installmentValue": "77.98"}]}