{"originationId": "3b692b088d6e7d8c7d8032845c7b2d64", "clientId": "6fa324bc2a776dc0696ea927fdcb14c4", "registerDate": "2021-01-28T00:00:00", "installments": [{"installmentId": "0654a3eb8ce5d337ecd3a07700979a35", "dueDate": "2021-05-15T00:00:00", "installmentValue": "127.38"}, {"installmentId": "ddc990140fd2a1c5c3ec430024219918", "dueDate": "2021-07-15T00:00:00", "installmentValue": "127.36"}, {"installmentId": "a6e4fe2dda9cd8e1ef6326748f7c82ef", "dueDate": "2021-04-15T00:00:00", "installmentValue": "127.38"}, {"installmentId": "2626624e6833bd8da9827cfb105a6b7d", "dueDate": "2021-06-15T00:00:00", "installmentValue": "127.38"}, {"installmentId": "1a7ed92718556d3a2daa94489d047cf4", "dueDate": "2021-03-15T00:00:00", "installmentValue": "127.38"}]}