{"originationId": "3d5cdba2f8e537d77eb7db05b4f506de", "clientId": "33b2036ff5089dc8bcf029e720b03689", "registerDate": "2021-03-01T00:00:00", "installments": [{"installmentId": "15b1037ba204f35dcda597c0a9992e4a", "dueDate": "2021-06-05T00:00:00", "installmentValue": "78.98"}, {"installmentId": "398ca1b5b153fbf841ec4674e7c7b729", "dueDate": "2021-08-05T00:00:00", "installmentValue": "78.97"}, {"installmentId": "3c6e96d6df2ba9355ecf44054400375d", "dueDate": "2021-07-05T00:00:00", "installmentValue": "78.98"}, {"installmentId": "1793532120a6afb08428532af27106f1", "dueDate": "2021-04-05T00:00:00", "installmentValue": "78.98"}, {"installmentId": "9fab07d6a610012acf935cf0b1f3921d", "dueDate": "2021-05-05T00:00:00", "installmentValue": "78.98"}]}