{"originationId": "3e34371312b436b64ecb3ee42c5b288c", "clientId": "1bc9aa190d13423db9eadaa8f38ef422", "registerDate": "2021-05-23T00:00:00", "installments": [{"installmentId": "ab24eb78f339cc206d86c8840f579fda", "dueDate": "2021-09-10T00:00:00", "installmentValue": "59.98"}, {"installmentId": "6fb7d1a81826e502d4ff2e4cba87ea94", "dueDate": "2021-07-10T00:00:00", "installmentValue": "59.99"}, {"installmentId": "4a7ad9a274865f268e2aff0d5fc71dac", "dueDate": "2021-08-10T00:00:00", "installmentValue": "59.99"}]}