{"originationId": "3e525469b5370591b420cb17c9ec35bf", "clientId": "ea305a7dffe103ef29058d2ec97e9df8", "registerDate": "2021-05-11T00:00:00", "installments": [{"installmentId": "1c2dff8a61cce322b85ebd51ba5d0d8d", "dueDate": "2022-03-20T00:00:00", "installmentValue": "91.98"}, {"installmentId": "7f19b78fe8eafe9ef9a5a513ca2c47b2", "dueDate": "2021-11-20T00:00:00", "installmentValue": "91.98"}, {"installmentId": "f5345ee438846e694b0b8d0e77e0f0ac", "dueDate": "2022-01-20T00:00:00", "installmentValue": "91.98"}, {"installmentId": "0fdddd3c723cf5e422c81bb9c1cd7fd9", "dueDate": "2021-12-20T00:00:00", "installmentValue": "91.98"}, {"installmentId": "52b8710e5d7ec89f7e3ce6c008cda795", "dueDate": "2021-09-20T00:00:00", "installmentValue": "91.98"}, {"installmentId": "0483caa384df660b2b77c7a18d868949", "dueDate": "2021-06-20T00:00:00", "installmentValue": "91.98"}, {"installmentId": "bbc3f00d0a48cbd0c09bb2982f5a57db", "dueDate": "2021-07-20T00:00:00", "installmentValue": "91.98"}, {"installmentId": "1abcc38be51aa28cd2903e36bb2f6141", "dueDate": "2021-10-20T00:00:00", "installmentValue": "91.98"}, {"installmentId": "53775feab24cf7e7998b9a966ca620d7", "dueDate": "2022-02-20T00:00:00", "installmentValue": "91.98"}, {"installmentId": "020548b968d1e6e2cc899ab3ddd0b422", "dueDate": "2021-08-20T00:00:00", "installmentValue": "91.98"}]}