{"originationId": "3f8675486d65896ccc8bf65a36b28a39", "clientId": "b7c876c42ef5628804a1a22a191fb4fc", "registerDate": "2021-05-16T00:00:00", "installments": [{"installmentId": "af3767f344f55530ea34b03865ca086a", "dueDate": "2021-10-15T00:00:00", "installmentValue": "28.52"}, {"installmentId": "02838b2531552ff6aff7ed4fa7d3b7a7", "dueDate": "2021-06-15T00:00:00", "installmentValue": "28.50"}, {"installmentId": "457509556a9a9035c3c79474355877d9", "dueDate": "2021-08-15T00:00:00", "installmentValue": "28.50"}, {"installmentId": "11913831b6ff732da776021c582f0ca0", "dueDate": "2021-09-15T00:00:00", "installmentValue": "28.50"}, {"installmentId": "83caf23fc4cd1a214ae4f94ccd48f02e", "dueDate": "2021-07-15T00:00:00", "installmentValue": "28.50"}]}