{"originationId": "421cc93a19ae4e240fce82fdca9bcebc", "clientId": "465c90e4f838dca50083d3620da11178", "registerDate": "2021-06-17T00:00:00", "installments": [{"installmentId": "89eecf2fce0f7bfa4872939059d78c28", "dueDate": "2021-12-10T00:00:00", "installmentValue": "27.00"}, {"installmentId": "9f7202e2982133239b2a5d077336a165", "dueDate": "2021-10-10T00:00:00", "installmentValue": "27.00"}, {"installmentId": "7a0d79644c0fff68ff9058a0fc31aa2a", "dueDate": "2022-01-10T00:00:00", "installmentValue": "27.00"}, {"installmentId": "ed934befe294e23eea798706350653f8", "dueDate": "2022-02-10T00:00:00", "installmentValue": "27.00"}, {"installmentId": "9463be98857aa8aab0da7715430b8c4e", "dueDate": "2021-08-10T00:00:00", "installmentValue": "27.00"}, {"installmentId": "4c42168c3b95e080fbdebae077edc53a", "dueDate": "2022-04-10T00:00:00", "installmentValue": "26.98"}, {"installmentId": "5b1f62ef505641e39b7293fa8b32584e", "dueDate": "2022-03-10T00:00:00", "installmentValue": "27.00"}, {"installmentId": "be7a5539ecc06527f3a17310a1e6efb3", "dueDate": "2021-11-10T00:00:00", "installmentValue": "27.00"}, {"installmentId": "7118525991c9404606fbfa8cb751e312", "dueDate": "2021-09-10T00:00:00", "installmentValue": "27.00"}, {"installmentId": "20f156d2aedccbd7375b526e27e6e5e1", "dueDate": "2021-07-10T00:00:00", "installmentValue": "27.00"}]}