{"originationId": "4479f4227472e08bcfc0ead3f3ae13a9", "clientId": "e6ecc33a4b22b600fc5b07441fbd0767", "registerDate": "2021-04-16T00:00:00", "installments": [{"installmentId": "b278115e24bdddf535651036b5888113", "dueDate": "2021-06-15T00:00:00", "installmentValue": "20.99"}, {"installmentId": "bd38ffb250ba2e1be9bd74329c5c1c9d", "dueDate": "2021-07-15T00:00:00", "installmentValue": "20.99"}, {"installmentId": "c2dea0fe126c455bda64123d4cb5fa77", "dueDate": "2021-05-15T00:00:00", "installmentValue": "20.99"}]}