{"originationId": "45b295f68ff34d5825e5d4fc02fac65c", "clientId": "484a2f04a95ea443677815666c59b3c8", "registerDate": "2021-03-10T00:00:00", "installments": [{"installmentId": "4a56064be743ce769800cb435073c090", "dueDate": "2021-05-05T00:00:00", "installmentValue": "73.32"}, {"installmentId": "0ca883ee408e6abd5a825fe74a41cdd7", "dueDate": "2021-06-05T00:00:00", "installmentValue": "73.31"}, {"installmentId": "2ddf9d17e94091d7b1c78343827111b4", "dueDate": "2021-04-05T00:00:00", "installmentValue": "73.32"}]}