{"originationId": "45d86c20b58bdb482eeffb7997b1f5f5", "clientId": "9644ab7c96a04b37a43740e83c22abb1", "registerDate": "2021-02-15T00:00:00", "installments": [{"installmentId": "13ed2383ed651099a5edd84553d26e38", "dueDate": "2021-06-15T00:00:00", "installmentValue": "26.00"}, {"installmentId": "b007607d294c76ce365d62967ca80c8e", "dueDate": "2021-05-15T00:00:00", "installmentValue": "26.00"}, {"installmentId": "55ee7dc7c7aa0a2bf57efaa24f28ab46", "dueDate": "2021-04-15T00:00:00", "installmentValue": "26.00"}, {"installmentId": "409f43b0cfa62739a00ccf5ecd44544f", "dueDate": "2021-07-15T00:00:00", "installmentValue": "26.00"}, {"installmentId": "307953d7809c36228c7cfbf038ecbb35", "dueDate": "2021-08-15T00:00:00", "installmentValue": "25.98"}]}