{"originationId": "46f3ab7a5fef9046813993d904051e55", "clientId": "a194c7dc6335de1b98adf74c76d15319", "registerDate": "2021-04-18T00:00:00", "installments": [{"installmentId": "2a470bf2ce589030e501020bc5eb6f36", "dueDate": "2021-04-30T00:00:00", "installmentValue": "59.99"}, {"installmentId": "6619420bf5900cdcc74ca5e1ed7aae93", "dueDate": "2021-05-30T00:00:00", "installmentValue": "59.99"}, {"installmentId": "6b5fb5a6884f37f893798473c18b226b", "dueDate": "2021-06-30T00:00:00", "installmentValue": "59.98"}]}