{"originationId": "471ef7d841dc99058e714f66d25acaf5", "clientId": "0c7528f449db1dc6073f5251aca573cd", "registerDate": "2021-05-19T00:00:00", "installments": [{"installmentId": "79dc9ba47b953d6ed9ceb3586d4a50e4", "dueDate": "2021-10-10T00:00:00", "installmentValue": "113.95"}, {"installmentId": "d90502c9acac11107a03a8830c176604", "dueDate": "2021-09-10T00:00:00", "installmentValue": "113.95"}, {"installmentId": "6b12361d4a418a61c406833ab40870c9", "dueDate": "2021-08-10T00:00:00", "installmentValue": "113.95"}, {"installmentId": "9ad3ca71d7c8444a3a9800f0c0ea7203", "dueDate": "2021-07-10T00:00:00", "installmentValue": "113.95"}, {"installmentId": "35273f989f89a691bd37d535a68c9985", "dueDate": "2021-11-10T00:00:00", "installmentValue": "113.96"}]}