{"originationId": "477484205b7a786aa5195cc9af6a0f97", "clientId": "853a5bf8cbcfb7fea8757ed5c041bee9", "registerDate": "2021-02-28T00:00:00", "installments": [{"installmentId": "74305c726a018b115d0f0d3267da9c5f", "dueDate": "2021-11-30T00:00:00", "installmentValue": "37.91"}, {"installmentId": "ff54f4f1467afe7402bedbd324e417ef", "dueDate": "2021-12-30T00:00:00", "installmentValue": "37.91"}, {"installmentId": "15fe621c64df4e3c4ad8dce7ae1f3edf", "dueDate": "2021-07-30T00:00:00", "installmentValue": "139.88"}, {"installmentId": "1d4a46a78d50f8173cf152a7aa88d0d0", "dueDate": "2022-01-30T00:00:00", "installmentValue": "37.89"}, {"installmentId": "cede7b03687886e88ed41b978d1675da", "dueDate": "2021-04-30T00:00:00", "installmentValue": "139.88"}, {"installmentId": "5bbd56d9415f00247dc6f1022a12d1dd", "dueDate": "2021-05-30T00:00:00", "installmentValue": "139.88"}, {"installmentId": "681358997a5c563a1e1d33bb5550db88", "dueDate": "2021-10-30T00:00:00", "installmentValue": "37.91"}, {"installmentId": "31db32794c800c49fabbf696a285bde0", "dueDate": "2021-09-30T00:00:00", "installmentValue": "37.91"}, {"installmentId": "6b3655153076852ef0474d700c74cd01", "dueDate": "2021-06-30T00:00:00", "installmentValue": "139.88"}, {"installmentId": "05ff2e33222139a31d904115f17389dc", "dueDate": "2021-08-30T00:00:00", "installmentValue": "139.88"}]}