{"originationId": "485a22230a4f57da188ef263375193eb", "clientId": "9644ab7c96a04b37a43740e83c22abb1", "registerDate": "2021-03-23T00:00:00", "installments": [{"installmentId": "a398f5d16a9bfcd7d5bfd4da54ff04b8", "dueDate": "2021-12-15T00:00:00", "installmentValue": "49.39"}, {"installmentId": "3f359d794925df395e79370ecd30b075", "dueDate": "2021-10-15T00:00:00", "installmentValue": "49.39"}, {"installmentId": "eefe35d76ad74e10b5356c1f33d8762c", "dueDate": "2021-08-15T00:00:00", "installmentValue": "117.57"}, {"installmentId": "449bb43cda7765499d2b8dec646d7e18", "dueDate": "2021-07-15T00:00:00", "installmentValue": "117.57"}, {"installmentId": "0f7298f599e3f6972ff8e9b2b6409f0f", "dueDate": "2022-02-15T00:00:00", "installmentValue": "49.4"}, {"installmentId": "e77b5c22e8f42b9f6b5158c697c1150e", "dueDate": "2021-11-15T00:00:00", "installmentValue": "49.39"}, {"installmentId": "0d5e60d47eb5d7ce8f255013674f8180", "dueDate": "2021-09-15T00:00:00", "installmentValue": "117.57"}, {"installmentId": "606cd833873b90d03529a750d0acc08d", "dueDate": "2021-06-15T00:00:00", "installmentValue": "117.57"}, {"installmentId": "c1f30d66ead647eccb0c9f82ce5e7154", "dueDate": "2022-01-15T00:00:00", "installmentValue": "49.39"}, {"installmentId": "d0c60af4d9614cd15be640457eeedb99", "dueDate": "2021-05-15T00:00:00", "installmentValue": "117.57"}]}