{"originationId": "4995cec3781e03b504e03e6211798ad7", "clientId": "ea59595ec3a99b26960167cb49da1f0b", "registerDate": "2021-05-28T00:00:00", "installments": [{"installmentId": "0557f87d695a196e7bd51559cd81d71f", "dueDate": "2021-07-10T00:00:00", "installmentValue": "75.46"}, {"installmentId": "5fcc683e07d56b07bbc401f12bfaadfc", "dueDate": "2021-08-10T00:00:00", "installmentValue": "75.46"}, {"installmentId": "799fc42130834e16fb996c1569b218ae", "dueDate": "2021-09-10T00:00:00", "installmentValue": "75.46"}, {"installmentId": "e7942682c45dec8d9a3ab7851b23c5db", "dueDate": "2021-11-10T00:00:00", "installmentValue": "75.48"}, {"installmentId": "6bbf976e807aca9d03d7668df55c370a", "dueDate": "2021-10-10T00:00:00", "installmentValue": "75.46"}]}