{"originationId": "49d88b9c8e7bcfefc6d2575b919a4210", "clientId": "ef256070e89c0d8ea2bb528ad2f3a741", "registerDate": "2021-02-22T00:00:00", "installments": [{"installmentId": "2855c0a6a01e911aa2993f906f1f4d20", "dueDate": "2021-12-20T00:00:00", "installmentValue": "459.42"}, {"installmentId": "1286c501be78aa86e1091c89070f1c4a", "dueDate": "2021-06-20T00:00:00", "installmentValue": "459.42"}, {"installmentId": "f5e1982fe475e2237efc91f2a2a755b7", "dueDate": "2022-01-20T00:00:00", "installmentValue": "459.45"}, {"installmentId": "d876539d1c07d412679ea0caf830ecf7", "dueDate": "2021-11-20T00:00:00", "installmentValue": "459.42"}, {"installmentId": "10a12b44a398dfb7719a1df6a564fd15", "dueDate": "2021-09-20T00:00:00", "installmentValue": "459.42"}, {"installmentId": "07198daf58ced7a24eaa3e04d1f67394", "dueDate": "2021-05-20T00:00:00", "installmentValue": "459.42"}, {"installmentId": "df99575f9ee020155cdfbe491099a1f2", "dueDate": "2021-04-20T00:00:00", "installmentValue": "459.42"}, {"installmentId": "de4df3ef42248546e411b0c468545cc9", "dueDate": "2021-07-20T00:00:00", "installmentValue": "459.42"}, {"installmentId": "04fbec7d6275dd93369f6ca60c8af032", "dueDate": "2021-10-20T00:00:00", "installmentValue": "459.42"}, {"installmentId": "0324b823afc266b5c1a076f48c871459", "dueDate": "2021-08-20T00:00:00", "installmentValue": "459.42"}]}