{"originationId": "4b811d27db10a6b801344d6e6760226d", "clientId": "b3ed3b856056396eac59b1aab17aa23a", "registerDate": "2021-02-06T00:00:00", "installments": [{"installmentId": "c01703b41548b9d7d3aba20a5d69a933", "dueDate": "2021-03-15T00:00:00", "installmentValue": "53.18"}, {"installmentId": "af2244feef8e5bd41996e9f11eb8eb40", "dueDate": "2021-06-15T00:00:00", "installmentValue": "53.18"}, {"installmentId": "fcb2b932eb3b4f43a472131027fa49d1", "dueDate": "2021-05-15T00:00:00", "installmentValue": "53.18"}, {"installmentId": "d34cbaceee2f2cf43c47745845b46678", "dueDate": "2021-04-15T00:00:00", "installmentValue": "53.18"}, {"installmentId": "2d4b723e4f0933a244b076487ed036f7", "dueDate": "2021-07-15T00:00:00", "installmentValue": "53.19"}]}