{"originationId": "4ce59ee75ecba0b1fdaebbe5223797c1", "clientId": "e247929a1a707ff96db180c5d216ee7b", "registerDate": "2021-05-07T00:00:00", "installments": [{"installmentId": "8f324dbf7815f506b04068e3ad718274", "dueDate": "2021-07-10T00:00:00", "installmentValue": "100.00"}, {"installmentId": "330caa37ec1db7f265e5667f7f1d9121", "dueDate": "2021-06-10T00:00:00", "installmentValue": "100.00"}, {"installmentId": "96389107dbf14b0673d7d6b42f46619d", "dueDate": "2021-10-10T00:00:00", "installmentValue": "100.00"}, {"installmentId": "7f22840be80849e88f8778c5540bb0cd", "dueDate": "2021-08-10T00:00:00", "installmentValue": "100.00"}, {"installmentId": "626f345d4d740efc9051478433adfbcd", "dueDate": "2021-09-10T00:00:00", "installmentValue": "100.00"}]}