{"originationId": "4dec804f65ac303b8395f582dae99a67", "clientId": "21319a46363cf4a85c2b070e720cd7ad", "registerDate": "2021-02-13T00:00:00", "installments": [{"installmentId": "3b1b6c01561959987eedca9e30eb2c44", "dueDate": "2021-07-15T00:00:00", "installmentValue": "46.37"}, {"installmentId": "3bbdb0a194a0254b09f62013d1ec9a6f", "dueDate": "2021-03-15T00:00:00", "installmentValue": "46.37"}, {"installmentId": "a233c6b27a47a19766147f95171a507d", "dueDate": "2021-05-15T00:00:00", "installmentValue": "46.37"}, {"installmentId": "36ba303941151cde53c545c0987e9cba", "dueDate": "2021-04-15T00:00:00", "installmentValue": "46.37"}, {"installmentId": "cf0b3f503e474b6d8db360caa583c37f", "dueDate": "2021-06-15T00:00:00", "installmentValue": "46.37"}]}