{"originationId": "4e04b362bee2095181eda72b82354095", "clientId": "e59985b6c5da957452c361567ce1dc49", "registerDate": "2021-02-20T00:00:00", "installments": [{"installmentId": "2a2f79d53f79a11bcd13446bf5568553", "dueDate": "2021-07-15T00:00:00", "installmentValue": "47.39"}, {"installmentId": "820d7d31863ff5b70998c17ed3d1a667", "dueDate": "2021-04-15T00:00:00", "installmentValue": "47.39"}, {"installmentId": "8c8b27bbf624cf4e87075f5dc8e80579", "dueDate": "2021-05-15T00:00:00", "installmentValue": "47.39"}, {"installmentId": "579c8401e2600decbc03c88d716e0c56", "dueDate": "2021-06-15T00:00:00", "installmentValue": "47.39"}, {"installmentId": "ab74fdc095f3316f541330b1097a528a", "dueDate": "2021-08-15T00:00:00", "installmentValue": "47.38"}]}