{"originationId": "501a57c3b76e8763dc8fb1d2368d5b52", "clientId": "f0405de9477f9210a84bc53548b09a95", "registerDate": "2021-04-30T00:00:00", "installments": [{"installmentId": "353b1a7fe349dfbebc6c633222ae0d0d", "dueDate": "2021-06-15T00:00:00", "installmentValue": "43.99"}, {"installmentId": "1bf9d641ee18dbb2396549ee1a35e6ec", "dueDate": "2021-10-15T00:00:00", "installmentValue": "43.99"}, {"installmentId": "ba99ab095521ba74b84e02835e62c243", "dueDate": "2021-09-15T00:00:00", "installmentValue": "43.99"}, {"installmentId": "8b4772e5588f848bffc300d397f8f530", "dueDate": "2021-08-15T00:00:00", "installmentValue": "43.99"}, {"installmentId": "03e7a3d17adeaf7d15b37ee00d3c2065", "dueDate": "2021-07-15T00:00:00", "installmentValue": "43.99"}]}