{"originationId": "519e05de2a7f5acaf25f9f6cffe1098e", "clientId": "09b97be70ac26b97aadd241d57dae687", "registerDate": "2021-03-21T00:00:00", "installments": [{"installmentId": "327a4ee6c07615f9ae0599e0de854252", "dueDate": "2021-09-10T00:00:00", "installmentValue": "134.96"}, {"installmentId": "b49ec604e6ef1b203002ff7744600d91", "dueDate": "2021-06-10T00:00:00", "installmentValue": "134.97"}, {"installmentId": "164b4a520d6a0fd6985f135a4b719ab3", "dueDate": "2021-05-10T00:00:00", "installmentValue": "134.97"}, {"installmentId": "88d5b17c070c4d316e496a055920dc55", "dueDate": "2021-07-10T00:00:00", "installmentValue": "134.97"}, {"installmentId": "277803d6818dda82e525bf56113db829", "dueDate": "2021-08-10T00:00:00", "installmentValue": "134.97"}]}