{"originationId": "528c3186d991601de118c91bda451fac", "clientId": "b3ed3b856056396eac59b1aab17aa23a", "registerDate": "2021-04-24T00:00:00", "installments": [{"installmentId": "48fad28b3a8fb2af37e51cc697af3570", "dueDate": "2021-08-15T00:00:00", "installmentValue": "65.98"}, {"installmentId": "f0fd8c1161b590b8680b199b8eb7fd51", "dueDate": "2021-06-15T00:00:00", "installmentValue": "65.98"}, {"installmentId": "bc9d1e8895c687188f4dd01343ff6a8c", "dueDate": "2021-10-15T00:00:00", "installmentValue": "65.96"}, {"installmentId": "4b11019ce28968ff92edd982cdb4a6f3", "dueDate": "2021-09-15T00:00:00", "installmentValue": "65.98"}, {"installmentId": "e573f497408196ae837fbf58717594af", "dueDate": "2021-07-15T00:00:00", "installmentValue": "65.98"}]}