{"originationId": "55987a5712b27458501d2f714de71b70", "clientId": "f0405de9477f9210a84bc53548b09a95", "registerDate": "2021-06-11T00:00:00", "installments": [{"installmentId": "c4f443fc02adb80e4f1a5ce4447e37c9", "dueDate": "2021-09-15T00:00:00", "installmentValue": "34.16"}, {"installmentId": "3ca04279e66e1e4ae79ca160562acdee", "dueDate": "2021-10-15T00:00:00", "installmentValue": "34.16"}, {"installmentId": "3c710c1e36ecd296c5e5475b102d8e6e", "dueDate": "2021-08-15T00:00:00", "installmentValue": "34.16"}, {"installmentId": "584bcfb8536e8dde1ed1a7a39f9d78b5", "dueDate": "2021-12-15T00:00:00", "installmentValue": "34.16"}, {"installmentId": "0ef1147a8ff135a2eed0119544d7d887", "dueDate": "2021-07-15T00:00:00", "installmentValue": "34.16"}, {"installmentId": "81c61032cbf3ad0799493c1922df9d79", "dueDate": "2021-11-15T00:00:00", "installmentValue": "34.16"}]}