{"originationId": "55e595337582478f1334ee4e7c2b212a", "clientId": "473f7ebd49263d84c18f006e6e0a8a08", "registerDate": "2021-04-05T00:00:00", "installments": [{"installmentId": "941cefd901e7895871ce1f1704bdb5da", "dueDate": "2021-09-15T00:00:00", "installmentValue": "11.99"}, {"installmentId": "b1e9c002abbffd9dda7c1df5c81a9570", "dueDate": "2021-06-15T00:00:00", "installmentValue": "12.00"}, {"installmentId": "733ca1263e268666c478a091d9a51d28", "dueDate": "2021-05-15T00:00:00", "installmentValue": "12.00"}, {"installmentId": "88df2b836ca8fb7e691b66beb0e06b40", "dueDate": "2021-07-15T00:00:00", "installmentValue": "12.00"}, {"installmentId": "26ef0dcca246efebfde293f7b4ea9792", "dueDate": "2021-08-15T00:00:00", "installmentValue": "12.00"}]}