{"originationId": "56a5abc3e617652a360cbdb223fa9940", "clientId": "f0405de9477f9210a84bc53548b09a95", "registerDate": "2021-05-08T00:00:00", "installments": [{"installmentId": "4dc1678546089997dbecaa543b523e6f", "dueDate": "2021-07-15T00:00:00", "installmentValue": "46.98"}, {"installmentId": "46764013daf8fa55694f77fffa8a6442", "dueDate": "2022-02-15T00:00:00", "installmentValue": "46.98"}, {"installmentId": "3f2d2af045d8017bd97b6e0c280be7d6", "dueDate": "2021-10-15T00:00:00", "installmentValue": "46.98"}, {"installmentId": "c3268aa7835b14804c97811540a030e9", "dueDate": "2021-06-15T00:00:00", "installmentValue": "46.98"}, {"installmentId": "d981822651aea80efaf42c9f5bbbaca2", "dueDate": "2021-12-15T00:00:00", "installmentValue": "46.98"}, {"installmentId": "2c15eaadc644eed04fede2ba80b1237b", "dueDate": "2022-01-15T00:00:00", "installmentValue": "46.98"}, {"installmentId": "a77e39b71bd51043a1dce8e6b0c40991", "dueDate": "2021-11-15T00:00:00", "installmentValue": "46.98"}, {"installmentId": "0b8a9f23fb6d4b56bea076d6affdc61d", "dueDate": "2021-09-15T00:00:00", "installmentValue": "46.98"}, {"installmentId": "63f6be8b20fa956934579df54c1c891a", "dueDate": "2021-08-15T00:00:00", "installmentValue": "46.98"}, {"installmentId": "2d3d1c9b869ea804e588302d51d238b9", "dueDate": "2022-03-15T00:00:00", "installmentValue": "46.98"}]}