{"originationId": "56c40744daff50105e4fe5298e0512bf", "clientId": "ee6701a28488228a79a095e9cd5bf1c8", "registerDate": "2021-03-18T00:00:00", "installments": [{"installmentId": "a19a6b07a1fdffbd02fa0d3dce34e7f8", "dueDate": "2021-07-15T00:00:00", "installmentValue": "61.07"}, {"installmentId": "ccdda458b72c63890ceaece1a6817a47", "dueDate": "2021-06-15T00:00:00", "installmentValue": "61.07"}, {"installmentId": "716acc2c2190ae4748dda75be98fad2b", "dueDate": "2021-05-15T00:00:00", "installmentValue": "61.07"}, {"installmentId": "16af3e462c8c1fd4a03f242056b1d1ce", "dueDate": "2021-08-15T00:00:00", "installmentValue": "61.07"}, {"installmentId": "5a340afdf76b23835bf12d2aa2f6a512", "dueDate": "2021-04-15T00:00:00", "installmentValue": "61.07"}]}