{"originationId": "56dcc4d4ae3b9d25e16ec3f7cab96484", "clientId": "76bd13c9636958d2983551e08b9dffe6", "registerDate": "2021-06-20T00:00:00", "installments": [{"installmentId": "f4c9466292b3b29a6a29e0dd6053ef32", "dueDate": "2021-12-13T00:00:00", "installmentValue": "45.99"}, {"installmentId": "f8f2e0c063e7d613786771ab1765ba67", "dueDate": "2022-01-13T00:00:00", "installmentValue": "45.99"}, {"installmentId": "fb8be5c5fb8c5ee52968308e9838151d", "dueDate": "2022-02-13T00:00:00", "installmentValue": "45.99"}, {"installmentId": "9154af082c53f5264543838ab3293b63", "dueDate": "2021-09-13T00:00:00", "installmentValue": "45.99"}, {"installmentId": "00b829788d7def91ae3d478e7fb60633", "dueDate": "2022-04-13T00:00:00", "installmentValue": "45.97"}, {"installmentId": "b5c0b6d393bf305779a9375c2a44dd3d", "dueDate": "2021-11-13T00:00:00", "installmentValue": "45.99"}, {"installmentId": "c6f6ae57a6b6005be7385651b46da38a", "dueDate": "2021-08-13T00:00:00", "installmentValue": "45.99"}, {"installmentId": "eaf829678f855f2472a5f84b80bf311d", "dueDate": "2021-07-13T00:00:00", "installmentValue": "45.99"}, {"installmentId": "c50bd7a7593dfdc8796e56e7da0ed022", "dueDate": "2022-03-13T00:00:00", "installmentValue": "45.99"}, {"installmentId": "5110f3c24bc1997fb8a862ed366f0e6b", "dueDate": "2021-10-13T00:00:00", "installmentValue": "45.99"}]}