{"originationId": "570f472c6ecb5e4a958d3b6d8b1bfe69", "clientId": "49d1b8c54f8981e75e159430a0efbe24", "registerDate": "2021-01-04T00:00:00", "installments": [{"installmentId": "aa676d39edccce803fb5212f53ca1d16", "dueDate": "2021-02-10T00:00:00", "installmentValue": "69.99"}, {"installmentId": "c232fe5c0d2a212e0165829603b0d1b0", "dueDate": "2021-06-10T00:00:00", "installmentValue": "69.97"}, {"installmentId": "053e71dfdb16e66c70e8f6063cf5f940", "dueDate": "2021-04-10T00:00:00", "installmentValue": "69.99"}, {"installmentId": "ce61f978568801e321190f019d9fcdaf", "dueDate": "2021-05-10T00:00:00", "installmentValue": "69.99"}, {"installmentId": "b61440a6527fc46039d00405c66b7a50", "dueDate": "2021-03-10T00:00:00", "installmentValue": "69.99"}]}