{"originationId": "57f74e295957306753507a7695508130", "clientId": "525de972e2151ca6fd6ede0f7e6a5ffd", "registerDate": "2021-01-27T00:00:00", "installments": [{"installmentId": "0f441311ac4c4ed20de9ad973de49659", "dueDate": "2021-05-25T00:00:00", "installmentValue": "8.33"}, {"installmentId": "167ebe07002ef00fd0e47147b634c6d4", "dueDate": "2021-04-25T00:00:00", "installmentValue": "8.33"}, {"installmentId": "ec63f939e9b1758036d8aa8fcc62357b", "dueDate": "2021-03-25T00:00:00", "installmentValue": "8.33"}]}