{"originationId": "59de92751f6810bebedc9fd7c41f3452", "clientId": "8f536ab82ae799b232304e3119cfa5d3", "registerDate": "2021-02-20T00:00:00", "installments": [{"installmentId": "21e74f9db01b17c4cf487785c69184d5", "dueDate": "2021-12-20T00:00:00", "installmentValue": "89.99"}, {"installmentId": "f2ca717e5dc1120bad81f85a8a0631f0", "dueDate": "2021-08-20T00:00:00", "installmentValue": "306.08"}, {"installmentId": "2ba4459e720e090461040eee507e86b3", "dueDate": "2021-10-20T00:00:00", "installmentValue": "89.99"}, {"installmentId": "963e2c7d4e333ffa031f2a4f5044574e", "dueDate": "2021-11-20T00:00:00", "installmentValue": "89.99"}, {"installmentId": "5d0cd2345e3ee3499cecf685e0e28453", "dueDate": "2021-06-20T00:00:00", "installmentValue": "306.08"}, {"installmentId": "a4858d9dc59aab7db8d634ce7f040dff", "dueDate": "2021-07-20T00:00:00", "installmentValue": "306.08"}, {"installmentId": "193b147c2a5f4fd77f9a5249ac26fd3a", "dueDate": "2021-05-20T00:00:00", "installmentValue": "306.08"}, {"installmentId": "e817327e466f63b9b6b4d36f9e757962", "dueDate": "2021-09-20T00:00:00", "installmentValue": "89.99"}, {"installmentId": "fa6798eeea4b828ac943e9687048915a", "dueDate": "2021-04-20T00:00:00", "installmentValue": "306.08"}, {"installmentId": "2c1022ccdbe423d64b9659196082d257", "dueDate": "2022-01-20T00:00:00", "installmentValue": "89.99"}]}