{"originationId": "59fa2106d7880b382e54da9a47469f0c", "clientId": "228ae8b5f2d11c246c12143c82356319", "registerDate": "2021-03-27T00:00:00", "installments": [{"installmentId": "aa4145853ffa20c988ffc0e6e5ace615", "dueDate": "2021-06-15T00:00:00", "installmentValue": "58.73"}, {"installmentId": "061ff325edfe621298cf5e9474f209cc", "dueDate": "2021-08-15T00:00:00", "installmentValue": "58.73"}, {"installmentId": "a60f57b7c0b9c4f6def0a5c06e4b0779", "dueDate": "2021-05-15T00:00:00", "installmentValue": "58.73"}, {"installmentId": "38cbe80f26513cfd3659facadf81652b", "dueDate": "2021-09-15T00:00:00", "installmentValue": "58.72"}, {"installmentId": "67148d997e6883dd5ec101558a6f0953", "dueDate": "2021-07-15T00:00:00", "installmentValue": "58.73"}]}