{"originationId": "5ca802ab5b5949086a1f7d2803a0cf7a", "clientId": "0c7528f449db1dc6073f5251aca573cd", "registerDate": "2021-01-16T00:00:00", "installments": [{"installmentId": "feb6f17210ab5df7f1912a3f779d490c", "dueDate": "2021-03-10T00:00:00", "installmentValue": "69.99"}, {"installmentId": "09e3e06f2b719f4ed7539c59f2f3f310", "dueDate": "2021-02-10T00:00:00", "installmentValue": "69.99"}, {"installmentId": "64f30b5a6093c2873b9483ae50aa4d04", "dueDate": "2021-04-10T00:00:00", "installmentValue": "69.99"}, {"installmentId": "9f4199786ffcd878475e72ff3f4102a8", "dueDate": "2021-05-10T00:00:00", "installmentValue": "69.99"}]}