{"originationId": "5d9b458e116188dd4dd9734d766d7ecf", "clientId": "38fd10594d024635191b55f18aa4359a", "registerDate": "2021-03-15T00:00:00", "installments": [{"installmentId": "fcd3d6cc5c9048516ecffadc56f611d7", "dueDate": "2021-12-15T00:00:00", "installmentValue": "27.99"}, {"installmentId": "b9acede52321f10325852003f996520a", "dueDate": "2021-04-15T00:00:00", "installmentValue": "27.99"}, {"installmentId": "d2140b075e811b337be89fc68908a1c1", "dueDate": "2021-08-15T00:00:00", "installmentValue": "27.99"}, {"installmentId": "d58b804a9172b2b870629d12e8311edf", "dueDate": "2021-09-15T00:00:00", "installmentValue": "27.99"}, {"installmentId": "219771bcc9e92d3d9c7663716149bb95", "dueDate": "2021-07-15T00:00:00", "installmentValue": "27.99"}, {"installmentId": "5d7fb1b4451b157556e0e15c8f3ae6ed", "dueDate": "2021-06-15T00:00:00", "installmentValue": "27.99"}, {"installmentId": "3323e6e6cb79ed841d3841e5195eff2f", "dueDate": "2022-01-15T00:00:00", "installmentValue": "27.99"}, {"installmentId": "eef364e1ca68e9d2936ed03e306d97eb", "dueDate": "2021-10-15T00:00:00", "installmentValue": "27.99"}, {"installmentId": "ff72d46b7fcfc7ac98e1667a1dc94efb", "dueDate": "2021-11-15T00:00:00", "installmentValue": "27.99"}, {"installmentId": "b900ecce6621d3cc3b3a87e45eeb806a", "dueDate": "2021-05-15T00:00:00", "installmentValue": "27.99"}]}