{"originationId": "5e2a4f33c16bfefd013158d16a8b0d89", "clientId": "c67d5489eff1b9adfa5f718e3a2d0150", "registerDate": "2021-05-02T00:00:00", "installments": [{"installmentId": "4ef3a9326acfcb4bd33aee90f3521201", "dueDate": "2021-07-15T00:00:00", "installmentValue": "89.97"}, {"installmentId": "8e456712de7bddef3543cd06a479a012", "dueDate": "2021-06-15T00:00:00", "installmentValue": "89.96"}, {"installmentId": "3f6e3c331a6229295ebfdcecde476e8c", "dueDate": "2021-05-15T00:00:00", "installmentValue": "89.96"}]}