{"originationId": "5e8b46b8226d8f9cf690675b899f8737", "clientId": "bd8a4d27fd4ad278710edcb0671aea34", "registerDate": "2021-01-03T00:00:00", "installments": [{"installmentId": "6c93390568a1085771ee69fdea68ae01", "dueDate": "2021-05-13T00:00:00", "installmentValue": "117.97"}, {"installmentId": "8274a35919bff89971a14103ebeb9b6e", "dueDate": "2021-02-13T00:00:00", "installmentValue": "117.97"}, {"installmentId": "8c9d85d5fabee8b29f59afe5bf752dcb", "dueDate": "2021-06-13T00:00:00", "installmentValue": "117.98"}, {"installmentId": "9ce289c1ba13f0d2dbf3665ddf2ad31c", "dueDate": "2021-03-13T00:00:00", "installmentValue": "117.97"}, {"installmentId": "341063609e23f11f549f76972621f461", "dueDate": "2021-04-13T00:00:00", "installmentValue": "117.97"}]}