{"originationId": "62b7c99e7058aa7a21b02af2cfc79aba", "clientId": "0c7528f449db1dc6073f5251aca573cd", "registerDate": "2021-06-08T00:00:00", "installments": [{"installmentId": "b8606cac4292441829890b4ba55b08ce", "dueDate": "2021-08-10T00:00:00", "installmentValue": "23.33"}, {"installmentId": "7cd206582bc99d18a5bb727c5d77e0c0", "dueDate": "2021-09-10T00:00:00", "installmentValue": "23.33"}, {"installmentId": "5823482afaf3d46dd1a772b2477078d3", "dueDate": "2021-07-10T00:00:00", "installmentValue": "23.33"}]}