{"originationId": "64cb463a8cd753c8b77090cdc82fc997", "clientId": "09b97be70ac26b97aadd241d57dae687", "registerDate": "2021-03-18T00:00:00", "installments": [{"installmentId": "be6b48c6652e57d0f23e607cdf2eb249", "dueDate": "2021-06-10T00:00:00", "installmentValue": "165.16"}, {"installmentId": "44d753314b6638d8ba171225b3dd50ec", "dueDate": "2021-12-10T00:00:00", "installmentValue": "165.16"}, {"installmentId": "7993231035b80c5a978d67df78e26d1d", "dueDate": "2022-01-10T00:00:00", "installmentValue": "165.12"}, {"installmentId": "35f8aba8e24a19f0bafd550f5229e497", "dueDate": "2021-05-10T00:00:00", "installmentValue": "165.16"}, {"installmentId": "dfb3a4149d83a4964318608a1d198a60", "dueDate": "2021-04-10T00:00:00", "installmentValue": "165.16"}, {"installmentId": "3ca7641deb8687e11952fdf2d7881c18", "dueDate": "2021-08-10T00:00:00", "installmentValue": "165.16"}, {"installmentId": "b6413a86bc27171103ded5d8bda2ca36", "dueDate": "2021-10-10T00:00:00", "installmentValue": "165.16"}, {"installmentId": "f2ab5222d7e94b838fe0b82449f4d97f", "dueDate": "2021-07-10T00:00:00", "installmentValue": "165.16"}, {"installmentId": "5c9d607b21e0ee67710a51fb52e41dc3", "dueDate": "2021-09-10T00:00:00", "installmentValue": "165.16"}, {"installmentId": "0175e894d5b39155e092e685d3a8ec0c", "dueDate": "2021-11-10T00:00:00", "installmentValue": "165.16"}]}