{"originationId": "64fe25825889854f62f86490de99d6d2", "clientId": "3fcc43605a621c2f1eaf923292bb0363", "registerDate": "2021-01-28T00:00:00", "installments": [{"installmentId": "c6d52a8c9cc5dada27300bb3704a5153", "dueDate": "2021-05-10T00:00:00", "installmentValue": "44.99"}, {"installmentId": "48031f8dd0c910b4f79e820253adf2a8", "dueDate": "2021-03-10T00:00:00", "installmentValue": "44.99"}, {"installmentId": "2dd639cb05dd25a2352056ee00e0fdee", "dueDate": "2021-04-10T00:00:00", "installmentValue": "44.99"}, {"installmentId": "8ba102e31af70d8aca6be009e7290484", "dueDate": "2021-07-10T00:00:00", "installmentValue": "45.00"}, {"installmentId": "1ad77ff622f7f07307b0fb9e81349de9", "dueDate": "2021-06-10T00:00:00", "installmentValue": "44.99"}]}