{"originationId": "67f33ea76a968e3f7005a90cbab75eb8", "clientId": "2c56da5a988614d10e06a70eb912b67a", "registerDate": "2021-04-18T00:00:00", "installments": [{"installmentId": "c72bfcbbfa99c8da37826647572dd54a", "dueDate": "2021-07-15T00:00:00", "installmentValue": "26.67"}, {"installmentId": "3938e845ea305ce6b4ef3347b0a37d61", "dueDate": "2021-05-15T00:00:00", "installmentValue": "26.66"}, {"installmentId": "ed41a301c0a7a9e5a7461aa73125a4e3", "dueDate": "2021-06-15T00:00:00", "installmentValue": "26.66"}]}