{"originationId": "6b91532f349b081b3556d3de2e46b4e1", "clientId": "76bd13c9636958d2983551e08b9dffe6", "registerDate": "2021-06-28T00:00:00", "installments": [{"installmentId": "507ede6db2f7aa6b1e156783c3584587", "dueDate": "2022-01-13T00:00:00", "installmentValue": "13.69"}, {"installmentId": "631edc3863610f8af9c69b106c951e8e", "dueDate": "2022-04-13T00:00:00", "installmentValue": "13.69"}, {"installmentId": "9fcd04f2861f9c3e1973566c4d544780", "dueDate": "2021-10-13T00:00:00", "installmentValue": "13.69"}, {"installmentId": "22f0296690f5a8f2b7bacd3ab6cbd80b", "dueDate": "2021-12-13T00:00:00", "installmentValue": "13.69"}, {"installmentId": "431d58751ff08dadb283427476fe3b9c", "dueDate": "2022-03-13T00:00:00", "installmentValue": "13.69"}, {"installmentId": "3c6eb88f8e7dc68c54cac393e04db496", "dueDate": "2021-09-13T00:00:00", "installmentValue": "13.69"}, {"installmentId": "e19e89f77e3734d87f9652690bf73c55", "dueDate": "2021-11-13T00:00:00", "installmentValue": "13.69"}, {"installmentId": "23a29682719a1f584c559b6a022a9d56", "dueDate": "2022-05-13T00:00:00", "installmentValue": "13.73"}, {"installmentId": "643ba3776a1a69cb429c1befc2362fbe", "dueDate": "2021-08-13T00:00:00", "installmentValue": "13.69"}, {"installmentId": "37dee6f094ac89a72ad82511f3e67c0e", "dueDate": "2022-02-13T00:00:00", "installmentValue": "13.69"}]}