{"originationId": "6c15d1d6f1e44584ef00e91b95c07daf", "clientId": "5124dd44dd48b0f92da126790b7597f4", "registerDate": "2021-05-19T00:00:00", "installments": [{"installmentId": "fb64cd6a23134b331afa54a260fc9ba5", "dueDate": "2021-10-10T00:00:00", "installmentValue": "50.00"}, {"installmentId": "1dd4d9324be5ade8f2845d9d13a21364", "dueDate": "2021-07-10T00:00:00", "installmentValue": "50.00"}, {"installmentId": "155ea7b43a52f1247504d2046682900f", "dueDate": "2021-08-10T00:00:00", "installmentValue": "50.00"}, {"installmentId": "c35deef3e20d50245bca5d86f09a6fc9", "dueDate": "2021-11-10T00:00:00", "installmentValue": "49.98"}, {"installmentId": "61e3c9b9b3d7a0467f3a15a2bc21c18a", "dueDate": "2021-09-10T00:00:00", "installmentValue": "50.00"}]}