{"originationId": "6c2a61797f47cb5f43a41488c40a7c67", "clientId": "4a0326c7c8b773168ad2516f263f0be5", "registerDate": "2021-01-09T00:00:00", "installments": [{"installmentId": "f42c52a72948ada35608172e8e88b0aa", "dueDate": "2021-02-15T00:00:00", "installmentValue": "30"}, {"installmentId": "e13763d55c5186dcd146946abc4e0d85", "dueDate": "2021-04-15T00:00:00", "installmentValue": "30.00"}, {"installmentId": "8e357a3a066e88d961cc5af250318996", "dueDate": "2021-06-15T00:00:00", "installmentValue": "29.98"}, {"installmentId": "0bd65de137ad7bdc6575370a6ebbd04c", "dueDate": "2021-05-15T00:00:00", "installmentValue": "30.00"}, {"installmentId": "ac1ca1ff51ce6fbe4d56a6f1d0c820cc", "dueDate": "2021-03-15T00:00:00", "installmentValue": "30"}]}