{"originationId": "6e1ec00f5aee36d0edbf1cd552f12cc8", "clientId": "dc54d36eebca6e19134e4af4dc89213d", "registerDate": "2021-01-09T00:00:00", "installments": [{"installmentId": "2b06e907b7c532e282a2e492909957b6", "dueDate": "2021-07-10T00:00:00", "installmentValue": "155.06"}, {"installmentId": "8984a4b7b407b9ecbfccf4c2458c7965", "dueDate": "2021-05-10T00:00:00", "installmentValue": "155.06"}, {"installmentId": "645ee99665bdd972c23d1fdc7ddf947d", "dueDate": "2021-04-10T00:00:00", "installmentValue": "155.06"}, {"installmentId": "d80e9ae306785a49bf85ac6a53bd3367", "dueDate": "2021-10-10T00:00:00", "installmentValue": "155.06"}, {"installmentId": "d722a3d5159ffd9ff6fbf5885b79322a", "dueDate": "2021-06-10T00:00:00", "installmentValue": "155.06"}, {"installmentId": "eb9c14fb9a944c27cf31f9686419baa8", "dueDate": "2021-03-10T00:00:00", "installmentValue": "155.06"}, {"installmentId": "8931c473f87a0842f6f58d4ec0192e0a", "dueDate": "2021-02-10T00:00:00", "installmentValue": "155.06"}, {"installmentId": "a3a5b9377f38df5544eaa8374c6dab58", "dueDate": "2021-09-10T00:00:00", "installmentValue": "155.06"}, {"installmentId": "7c11a644fef2c2882b0622f2e02e1610", "dueDate": "2021-11-10T00:00:00", "installmentValue": "155.10"}, {"installmentId": "4d2b1846b8b25ebacd8b45664483063c", "dueDate": "2021-08-10T00:00:00", "installmentValue": "155.06"}]}