{"originationId": "6e8c0b8ec6ca9da00d4d7f8291fe18b6", "clientId": "38fd10594d024635191b55f18aa4359a", "registerDate": "2021-01-16T00:00:00", "installments": [{"installmentId": "3742addf1698c78b41f1c7db1e66e48d", "dueDate": "2021-03-15T00:00:00", "installmentValue": "29.98"}, {"installmentId": "36d973e2567d42e00b5ecdd413733c80", "dueDate": "2021-02-15T00:00:00", "installmentValue": "29.98"}, {"installmentId": "a7eb94caec98036074bc71a21500ae76", "dueDate": "2021-05-15T00:00:00", "installmentValue": "29.98"}, {"installmentId": "ee10a3d8ee23aec35845eea61e0146f8", "dueDate": "2021-06-15T00:00:00", "installmentValue": "29.98"}, {"installmentId": "749ff2ef37a58d59d8ecef0cae2da93b", "dueDate": "2021-04-15T00:00:00", "installmentValue": "29.98"}]}