{"originationId": "6f5eaa5d2c49663a481cf56e8ebb1005", "clientId": "b21ada0335daffa254475fecb4efe6ba", "registerDate": "2021-05-14T00:00:00", "installments": [{"installmentId": "19e8401e202d96f4c1bebe4da5b25426", "dueDate": "2021-07-15T00:00:00", "installmentValue": "45.99"}, {"installmentId": "05e2eee5bcced505d2dc5c0c1662131b", "dueDate": "2021-09-15T00:00:00", "installmentValue": "45.99"}, {"installmentId": "9fb2de0644dc69f6f3443041f2ad3038", "dueDate": "2021-06-15T00:00:00", "installmentValue": "45.99"}, {"installmentId": "6988a88ff1fc451c25ba964cfbce2d98", "dueDate": "2021-08-15T00:00:00", "installmentValue": "45.99"}, {"installmentId": "7698020f56f87990d3afb9721af108d5", "dueDate": "2021-10-15T00:00:00", "installmentValue": "45.99"}]}