{"originationId": "718f38f164226e8e00c726da01072b90", "clientId": "b7c876c42ef5628804a1a22a191fb4fc", "registerDate": "2021-01-22T00:00:00", "installments": [{"installmentId": "53089db3b272eddd10887a1659bf8fba", "dueDate": "2021-05-15T00:00:00", "installmentValue": "55.30"}, {"installmentId": "1fb93da39de5627ec11a094250c9e546", "dueDate": "2021-03-15T00:00:00", "installmentValue": "55.3"}, {"installmentId": "c6f2f81db406cd5daa189d2cc101640c", "dueDate": "2021-07-15T00:00:00", "installmentValue": "55.31"}, {"installmentId": "2645e1548272d8f8fbf89e82bb8c3f00", "dueDate": "2021-04-15T00:00:00", "installmentValue": "55.30"}, {"installmentId": "24a9e6838b026583ed36fa9a13295a61", "dueDate": "2021-06-15T00:00:00", "installmentValue": "55.30"}]}