{"originationId": "724497c9fd69c35c2f33d1c9c1f0539a", "clientId": "6fa324bc2a776dc0696ea927fdcb14c4", "registerDate": "2021-02-23T00:00:00", "installments": [{"installmentId": "2c45177837fd2478db030083532bc267", "dueDate": "2021-08-15T00:00:00", "installmentValue": "61.18"}, {"installmentId": "9f681823b5ed9d7479fbdc9f4887b3a8", "dueDate": "2021-07-15T00:00:00", "installmentValue": "61.17"}, {"installmentId": "cc616e61a5dde1d0e5cb9b9df0245cc5", "dueDate": "2021-06-15T00:00:00", "installmentValue": "61.17"}, {"installmentId": "d3d1ecd6979ad60bf16cce1d2d156c04", "dueDate": "2021-05-15T00:00:00", "installmentValue": "61.17"}, {"installmentId": "4dccdf8bddba5b2ee0314894b5fef391", "dueDate": "2021-04-15T00:00:00", "installmentValue": "61.17"}]}