{"originationId": "726cf73e9769956d15e4bece98f2195a", "clientId": "f410e6028c31d7a21027819529494d32", "registerDate": "2021-02-11T00:00:00", "installments": [{"installmentId": "1d0e81c30641f8308af148699829a452", "dueDate": "2021-03-13T00:00:00", "installmentValue": "16.00"}, {"installmentId": "9ac381b788c3869dcebf9fd14022aee1", "dueDate": "2021-05-13T00:00:00", "installmentValue": "16.00"}, {"installmentId": "2ec2414cd34b791a2cf279905cc87639", "dueDate": "2021-04-13T00:00:00", "installmentValue": "16.00"}, {"installmentId": "91226696c212539db72cfa2bb1176b18", "dueDate": "2021-06-13T00:00:00", "installmentValue": "16.00"}, {"installmentId": "778308ac35b4fd64dfe2f2fd6cb59f05", "dueDate": "2021-07-13T00:00:00", "installmentValue": "15.98"}]}