{"originationId": "735c7d8f24a981075f1417526cb99bcc", "clientId": "ea305a7dffe103ef29058d2ec97e9df8", "registerDate": "2021-04-23T00:00:00", "installments": [{"installmentId": "6e3c3a7d7c3a2ec73c2b7c2c799fcbc6", "dueDate": "2021-07-20T00:00:00", "installmentValue": "35.99"}, {"installmentId": "8846e3b887d48072d8e29a992455ccc7", "dueDate": "2021-08-20T00:00:00", "installmentValue": "35.99"}, {"installmentId": "da742f9c07fa7170ae322640eab9d170", "dueDate": "2021-06-20T00:00:00", "installmentValue": "35.99"}, {"installmentId": "a18314a56280acea989d616ea94d3fa8", "dueDate": "2021-09-20T00:00:00", "installmentValue": "35.99"}, {"installmentId": "8e72e11b8e902a4912103fca3e6fe33a", "dueDate": "2021-10-20T00:00:00", "installmentValue": "36.01"}]}