{"originationId": "74a555015da807868a408ca4aa722124", "clientId": "ba58214d7ea262b314d3229d4430d36c", "registerDate": "2021-02-13T00:00:00", "installments": [{"installmentId": "75c4bc62adaaddfc839f1764d156c42d", "dueDate": "2021-03-15T00:00:00", "installmentValue": "106.6"}, {"installmentId": "2d583d32dbe001c067e6d75d3a98601f", "dueDate": "2021-05-15T00:00:00", "installmentValue": "106.61"}, {"installmentId": "ff8ab7daae31f05a5977810dada184ff", "dueDate": "2021-04-15T00:00:00", "installmentValue": "106.60"}]}