{"originationId": "74a7398ef1814f5ea4d1465d396d02d9", "clientId": "38fd10594d024635191b55f18aa4359a", "registerDate": "2021-05-16T00:00:00", "installments": [{"installmentId": "5c2d3239dd2f3e91fadf8c001029cfa9", "dueDate": "2021-12-15T00:00:00", "installmentValue": "65.99"}, {"installmentId": "5eaa5390baca4909096785af2d0ced00", "dueDate": "2021-10-15T00:00:00", "installmentValue": "65.99"}, {"installmentId": "3976f5e2a2b6b7414910be22c4287215", "dueDate": "2022-02-15T00:00:00", "installmentValue": "65.99"}, {"installmentId": "b713f84e1948986299530d646dbe0289", "dueDate": "2021-08-15T00:00:00", "installmentValue": "65.99"}, {"installmentId": "8478c9cf43b0b46d11fbea694bc08a17", "dueDate": "2022-01-15T00:00:00", "installmentValue": "65.99"}, {"installmentId": "34cf446c8d14881a5ded07f5372bcbda", "dueDate": "2022-03-15T00:00:00", "installmentValue": "65.99"}, {"installmentId": "477884bb9d8567814d5c80a269fe5af0", "dueDate": "2021-09-15T00:00:00", "installmentValue": "65.99"}, {"installmentId": "55b333c8ed5005ad05f22c17bb733f23", "dueDate": "2021-11-15T00:00:00", "installmentValue": "65.99"}, {"installmentId": "663d3e9febf0f209e36db7bcc5c67256", "dueDate": "2021-06-15T00:00:00", "installmentValue": "65.99"}, {"installmentId": "c0d4b39a692f8125cfeca6d747ae8e2d", "dueDate": "2021-07-15T00:00:00", "installmentValue": "65.99"}]}