{"originationId": "760b6c0e536d91f8648c58dee9064cf1", "clientId": "ba58214d7ea262b314d3229d4430d36c", "registerDate": "2021-04-23T00:00:00", "installments": [{"installmentId": "2d5cdabf1dab38b07bd930198f35a63e", "dueDate": "2021-08-15T00:00:00", "installmentValue": "114.98"}, {"installmentId": "c14e8d7e09980b9ccd6dfbd5ac2abbe9", "dueDate": "2021-06-15T00:00:00", "installmentValue": "114.98"}, {"installmentId": "e0724a9c7716ee7a651a4ae3ee3c1f46", "dueDate": "2021-07-15T00:00:00", "installmentValue": "114.98"}, {"installmentId": "10b568b9cfb43e6fa85f148312277dba", "dueDate": "2021-09-15T00:00:00", "installmentValue": "114.98"}, {"installmentId": "24f79c66ab8d8d207181af4817ecec8c", "dueDate": "2021-10-15T00:00:00", "installmentValue": "115.00"}]}