{"originationId": "7664089486b28af2c6625141d09879f5", "clientId": "992fcfe326c17895211346a8edbffbb8", "registerDate": "2021-04-11T00:00:00", "installments": [{"installmentId": "4227ab4b159f5c073dea46c71c5d9279", "dueDate": "2021-12-10T00:00:00", "installmentValue": "37.99"}, {"installmentId": "ff00dfd25d5f85d57a8703008245c0f2", "dueDate": "2021-09-10T00:00:00", "installmentValue": "37.99"}, {"installmentId": "bc23e5256a1c933459a431bd89c967d6", "dueDate": "2021-05-10T00:00:00", "installmentValue": "37.99"}, {"installmentId": "fa06c03e0b13d5fdf66bb4a5e1d1d42a", "dueDate": "2022-02-10T00:00:00", "installmentValue": "37.99"}, {"installmentId": "cc4a49b7a1a7bf3321150b20b68e32f1", "dueDate": "2021-06-10T00:00:00", "installmentValue": "37.99"}, {"installmentId": "099e5e2d6c21605c21fd0af8b8cb04d5", "dueDate": "2021-10-10T00:00:00", "installmentValue": "37.99"}, {"installmentId": "a4737e01ad1c2cccef954c41d551347a", "dueDate": "2022-01-10T00:00:00", "installmentValue": "37.99"}, {"installmentId": "961ddbc3e0de06975d879dbf65222a51", "dueDate": "2021-11-10T00:00:00", "installmentValue": "37.99"}, {"installmentId": "994e925a058a35739564f671d1c89266", "dueDate": "2021-07-10T00:00:00", "installmentValue": "37.99"}, {"installmentId": "346eb54d1553a22753a3feb9ca509fa2", "dueDate": "2021-08-10T00:00:00", "installmentValue": "37.99"}]}