{"originationId": "79570ff89fc4039803f94d2d6400dda1", "clientId": "033084c8b4dc9969ca1f7b8261b26821", "registerDate": "2021-04-25T00:00:00", "installments": [{"installmentId": "44234506d395836463c65d00896077ce", "dueDate": "2021-08-10T00:00:00", "installmentValue": "39.98"}, {"installmentId": "f1ce2fe8044724eb640beacb48ea8f0d", "dueDate": "2021-07-10T00:00:00", "installmentValue": "39.99"}, {"installmentId": "13a0a5b96e2b8fbe3da6c1eeabaff54e", "dueDate": "2021-06-10T00:00:00", "installmentValue": "39.99"}]}