{"originationId": "7b14fc3e05cb333af14c6a3e36b32f5d", "clientId": "931ba200eb807871a052db73fff55a20", "registerDate": "2021-04-18T00:00:00", "installments": [{"installmentId": "91c7ffbecb01ae6e5494d96602d87c65", "dueDate": "2021-07-05T00:00:00", "installmentValue": "67.99"}, {"installmentId": "53aa69e519be9069970346c20b7b2a94", "dueDate": "2021-08-05T00:00:00", "installmentValue": "67.99"}, {"installmentId": "7e809be7b7bebdfcec5effe489ec6023", "dueDate": "2021-06-05T00:00:00", "installmentValue": "67.99"}, {"installmentId": "00879f6bd20bebaf3bd23aff2364bf14", "dueDate": "2021-05-05T00:00:00", "installmentValue": "67.99"}, {"installmentId": "a17207a737512316de33f3039cffc78f", "dueDate": "2021-09-05T00:00:00", "installmentValue": "68.00"}]}