{"originationId": "7b1de7c66a4b0b10db7c165a6efa78c1", "clientId": "06110ad42c7521723babdb83657d0696", "registerDate": "2021-03-17T00:00:00", "installments": [{"installmentId": "220fc774f138e4e2beb6ccb1086991b8", "dueDate": "2021-11-25T00:00:00", "installmentValue": "34.99"}, {"installmentId": "3417cf76ffb0d7436c08b2dff880c2f7", "dueDate": "2022-01-25T00:00:00", "installmentValue": "34.99"}, {"installmentId": "216e2dabe53fc5d28235dcb0bba25710", "dueDate": "2021-05-25T00:00:00", "installmentValue": "34.99"}, {"installmentId": "d03c875e9f49f1234ad6c82d68f709dc", "dueDate": "2021-04-25T00:00:00", "installmentValue": "34.99"}, {"installmentId": "1e08f43bde57e6f3b543f10a563c9668", "dueDate": "2021-09-25T00:00:00", "installmentValue": "34.99"}, {"installmentId": "8880ad74f1e9d2de154e6bf20dbbab04", "dueDate": "2021-10-25T00:00:00", "installmentValue": "34.99"}, {"installmentId": "a36103098728b7ca6e81d7412889894b", "dueDate": "2021-12-25T00:00:00", "installmentValue": "34.99"}, {"installmentId": "e70f41e5df13bacae4ec477f907f5ae1", "dueDate": "2021-08-25T00:00:00", "installmentValue": "34.99"}, {"installmentId": "737a5b3126fa2f27164060f417e881a0", "dueDate": "2021-07-25T00:00:00", "installmentValue": "34.99"}, {"installmentId": "2d76362d3f858ef944ccf4fde9c8583f", "dueDate": "2021-06-25T00:00:00", "installmentValue": "34.99"}]}