{"originationId": "7b4757deaeba436e283f1ef76a77fa66", "clientId": "83f62d7630c968c654129afa4c7136a6", "registerDate": "2021-06-07T00:00:00", "installments": [{"installmentId": "6e9d461319e0ea240721639b0c6a18db", "dueDate": "2021-11-10T00:00:00", "installmentValue": "8.00"}, {"installmentId": "0c14d9be63899de00742d10ef252f22b", "dueDate": "2021-08-10T00:00:00", "installmentValue": "8.00"}, {"installmentId": "4b3672e21f1912a6a0d1d8a8d9df9316", "dueDate": "2021-10-10T00:00:00", "installmentValue": "8.00"}, {"installmentId": "cd51c2f23ed49b43e60e15bbb334fee7", "dueDate": "2021-07-10T00:00:00", "installmentValue": "8.00"}, {"installmentId": "094818f570b14e79ef324ef3f7a60af1", "dueDate": "2021-09-10T00:00:00", "installmentValue": "8.00"}]}