{"originationId": "7ce29f9a3fb372f5228d1a1b1f6237b4", "clientId": "b25b9ce88b69103ab3a38056fc492943", "registerDate": "2021-05-03T00:00:00", "installments": [{"installmentId": "6e225bc04e5c9e1e54d8e03a6f920e7a", "dueDate": "2021-10-10T00:00:00", "installmentValue": "117.99"}, {"installmentId": "e2de9553313d31fd0d800926e14def1b", "dueDate": "2021-06-10T00:00:00", "installmentValue": "117.97"}, {"installmentId": "6ea1ecdef63f1f0a67bd2c92232ee11b", "dueDate": "2021-08-10T00:00:00", "installmentValue": "117.97"}, {"installmentId": "42efd7b2dcfef12594feec7ccb89c1f1", "dueDate": "2021-07-10T00:00:00", "installmentValue": "117.97"}, {"installmentId": "7eb854578d63f7bb8a1a95334ce2a10e", "dueDate": "2021-09-10T00:00:00", "installmentValue": "117.97"}]}