{"originationId": "7eb9e264342b755216065c3a85e0b881", "clientId": "999f186a11f160732aadc2a3416d899c", "registerDate": "2021-02-06T00:00:00", "installments": [{"installmentId": "3b17dc81b3233582b24af35d9ddec551", "dueDate": "2021-03-10T00:00:00", "installmentValue": "119.9"}, {"installmentId": "dde7c592d1a5591a0a6e468a66fbcbc4", "dueDate": "2021-04-10T00:00:00", "installmentValue": "119.90"}, {"installmentId": "40d43a619c42a93c6839caceb22c942a", "dueDate": "2021-12-10T00:00:00", "installmentValue": "119.90"}, {"installmentId": "473f0099048c48154947499080bb7ab3", "dueDate": "2021-10-10T00:00:00", "installmentValue": "119.90"}, {"installmentId": "b452958deed86d9a2698cc5c5f755df5", "dueDate": "2022-04-10T00:00:00", "installmentValue": "119.9"}, {"installmentId": "7118384ad64d13b2bbdb3a17ae558d67", "dueDate": "2022-01-10T00:00:00", "installmentValue": "119.9"}, {"installmentId": "9be7a5156bb2d81af4b23b9d4ef74389", "dueDate": "2022-03-10T00:00:00", "installmentValue": "119.9"}, {"installmentId": "db710c12494730193bd8c4fa24a300f0", "dueDate": "2021-09-10T00:00:00", "installmentValue": "119.90"}, {"installmentId": "1e2cece12469d7e10f6e1ae613ad5ff4", "dueDate": "2021-06-10T00:00:00", "installmentValue": "119.90"}, {"installmentId": "722bac0e4bd9d960aa494cc841958490", "dueDate": "2021-07-10T00:00:00", "installmentValue": "119.90"}, {"installmentId": "3d3191f0b6c9a1919d328d338b78c8ad", "dueDate": "2022-05-10T00:00:00", "installmentValue": "119.9"}, {"installmentId": "8e1848b9f978e825fd9d1fd5f5edb65b", "dueDate": "2022-02-10T00:00:00", "installmentValue": "119.9"}, {"installmentId": "b78134e0bd2a75a666c0a577b1655332", "dueDate": "2021-11-10T00:00:00", "installmentValue": "119.90"}, {"installmentId": "7d0a1c24d9c69790020b331e84863d23", "dueDate": "2021-08-10T00:00:00", "installmentValue": "119.90"}, {"installmentId": "eb71cb96a1e1432935df5ff0d38bfa74", "dueDate": "2021-05-10T00:00:00", "installmentValue": "119.90"}]}