{"originationId": "80a7a23244306913ba693f199d7a8052", "clientId": "cbb19b1ef0cdb8c6ac11ae2b978d580a", "registerDate": "2021-03-01T00:00:00", "installments": [{"installmentId": "7d7f8cb8c9108930626cc55df50cc2db", "dueDate": "2021-07-10T00:00:00", "installmentValue": "112.16"}, {"installmentId": "77675ebd700bb18ffe22c5e9a0434944", "dueDate": "2021-05-10T00:00:00", "installmentValue": "112.16"}, {"installmentId": "6394baa4745b62f6447b15f89c20cb79", "dueDate": "2021-09-10T00:00:00", "installmentValue": "46.99"}, {"installmentId": "6b81206295616783df575f911d74d038", "dueDate": "2022-01-10T00:00:00", "installmentValue": "46.96"}, {"installmentId": "c843124b06212bca56fc9276052dba6b", "dueDate": "2021-08-10T00:00:00", "installmentValue": "112.16"}, {"installmentId": "7248a7e96de2d5c3d10b5bd8c9a0aa1b", "dueDate": "2021-04-10T00:00:00", "installmentValue": "112.16"}, {"installmentId": "e9479fb82fd715f506d8e4c3e696c79d", "dueDate": "2021-10-10T00:00:00", "installmentValue": "46.99"}, {"installmentId": "2b646aa1d836647fa8e81b92e1acd51a", "dueDate": "2021-06-10T00:00:00", "installmentValue": "112.16"}, {"installmentId": "045c2953e54295b1493f0ea526209e85", "dueDate": "2021-12-10T00:00:00", "installmentValue": "46.99"}, {"installmentId": "22a4a292a2a6f5c58d994020e0202af6", "dueDate": "2021-11-10T00:00:00", "installmentValue": "46.99"}]}