{"originationId": "8541b803f07f194678128d654ffa7094", "clientId": "233a0d374f2ed7010c12668f1cba11c5", "registerDate": "2021-01-19T00:00:00", "installments": [{"installmentId": "50d5c40c39f1f67e485f27e7d1f80e5b", "dueDate": "2021-12-20T00:00:00", "installmentValue": "379.10"}, {"installmentId": "61d97a5bf77e562820bc6766af9fb0d1", "dueDate": "2021-10-20T00:00:00", "installmentValue": "379.10"}, {"installmentId": "5bb1d4d2e4afc7b1b0084596ecbe74fe", "dueDate": "2021-08-20T00:00:00", "installmentValue": "379.10"}, {"installmentId": "6406a558f6092be17600e8a881b295f3", "dueDate": "2021-04-20T00:00:00", "installmentValue": "379.10"}, {"installmentId": "48dcce0dc97c1c1a63e3bdfea2666385", "dueDate": "2021-03-20T00:00:00", "installmentValue": "379.1"}, {"installmentId": "626b8ca449645f38349c430a805ab24e", "dueDate": "2021-09-20T00:00:00", "installmentValue": "379.10"}, {"installmentId": "cbb07a0949efa33ccf9949b0de07c546", "dueDate": "2021-11-20T00:00:00", "installmentValue": "379.10"}, {"installmentId": "fc933f36ffad25e4798786dda4b2c85e", "dueDate": "2021-06-20T00:00:00", "installmentValue": "379.10"}, {"installmentId": "d354c066a2603bb6bc33442e1528fccc", "dueDate": "2021-07-20T00:00:00", "installmentValue": "379.10"}, {"installmentId": "459667dd6faaf3e502eac7229b6af2da", "dueDate": "2021-05-20T00:00:00", "installmentValue": "379.10"}]}