{"originationId": "863658691ba63aca11c6133f443f3b65", "clientId": "053ebea33eb3c48e2bd7dedaa70246c4", "registerDate": "2021-04-09T00:00:00", "installments": [{"installmentId": "3d3bf8e0efd55c71bcb5c3ef546f03fd", "dueDate": "2021-12-10T00:00:00", "installmentValue": "59.98"}, {"installmentId": "4eb231c90ab3fa73c290cf393552b92f", "dueDate": "2022-01-10T00:00:00", "installmentValue": "59.98"}, {"installmentId": "720f2d98d6827546b3bd79eec038062e", "dueDate": "2021-06-10T00:00:00", "installmentValue": "206.75"}, {"installmentId": "38c95b1f93993226ce208221934374f8", "dueDate": "2021-09-10T00:00:00", "installmentValue": "206.75"}, {"installmentId": "aa887d070b9a517aa400ec608299ba36", "dueDate": "2022-02-10T00:00:00", "installmentValue": "60.00"}, {"installmentId": "f42e8ce0618ad8f687dfe7644ce35fa6", "dueDate": "2021-07-10T00:00:00", "installmentValue": "206.75"}, {"installmentId": "a9ce7cc46c2caa8ef4fa451861c024df", "dueDate": "2021-10-10T00:00:00", "installmentValue": "59.98"}, {"installmentId": "356497e0edfa99319c8cafb758bb4a2b", "dueDate": "2021-11-10T00:00:00", "installmentValue": "59.98"}, {"installmentId": "5bf0b1ee577fbf8117a7ff637ea0a60b", "dueDate": "2021-08-10T00:00:00", "installmentValue": "206.75"}, {"installmentId": "d7a690ce2d484870d7aded083fd5c31c", "dueDate": "2021-05-10T00:00:00", "installmentValue": "206.75"}]}