{"originationId": "875dd0d43bf4a4c0098db6404c5ec904", "clientId": "465c90e4f838dca50083d3620da11178", "registerDate": "2021-02-20T00:00:00", "installments": [{"installmentId": "0f54633c505df5c85246ad4ecc216c88", "dueDate": "2021-12-10T00:00:00", "installmentValue": "91.98"}, {"installmentId": "2e95aa37f26b21cdb38ca3be0041d5c0", "dueDate": "2021-09-10T00:00:00", "installmentValue": "91.98"}, {"installmentId": "3e916b87a7d67e42747f73282afecc4d", "dueDate": "2021-04-10T00:00:00", "installmentValue": "91.98"}, {"installmentId": "a31288ee254bee85d104ebe61dae643c", "dueDate": "2021-05-10T00:00:00", "installmentValue": "91.98"}, {"installmentId": "ddbc0543e3d5f676032ee74db0fd2c37", "dueDate": "2021-11-10T00:00:00", "installmentValue": "91.98"}, {"installmentId": "faa15de447f98cc20498af02348ec1a2", "dueDate": "2021-06-10T00:00:00", "installmentValue": "91.98"}, {"installmentId": "a6f536eb97d0e41ab4917b900180a599", "dueDate": "2021-08-10T00:00:00", "installmentValue": "91.98"}, {"installmentId": "3be41e977f9e962759cf0433da201930", "dueDate": "2021-07-10T00:00:00", "installmentValue": "91.98"}, {"installmentId": "97081af3899910a8e6f2e29d9f8f3a24", "dueDate": "2021-10-10T00:00:00", "installmentValue": "91.98"}, {"installmentId": "72ce551cf45c52d5d78bed08b2dab859", "dueDate": "2022-01-10T00:00:00", "installmentValue": "91.98"}]}