{"originationId": "87b013b89092cd044084ca8fdfe84ec9", "clientId": "5c3ace5cbc999f8ef4dac732012da04c", "registerDate": "2021-06-19T00:00:00", "installments": [{"installmentId": "4099e95ea5dde013d7fefe3d7e42779a", "dueDate": "2021-11-20T00:00:00", "installmentValue": "20.00"}, {"installmentId": "010365914c1d47a95ab086a4dd1bd007", "dueDate": "2021-07-20T00:00:00", "installmentValue": "20.00"}, {"installmentId": "597d77e77188545627ed856a3964688a", "dueDate": "2022-03-20T00:00:00", "installmentValue": "20.00"}, {"installmentId": "f2fe8c76047dd7e9341a3ed95e481aba", "dueDate": "2021-10-20T00:00:00", "installmentValue": "20.00"}, {"installmentId": "f35e3ca5a08fae74b899cf6ee6713af5", "dueDate": "2021-12-20T00:00:00", "installmentValue": "20.00"}, {"installmentId": "4d9cdf2a92e80ba5ab95072c82c75c53", "dueDate": "2021-08-20T00:00:00", "installmentValue": "20.00"}, {"installmentId": "5f01e0e87467c5550617adc6b0b90bfb", "dueDate": "2021-09-20T00:00:00", "installmentValue": "20.00"}, {"installmentId": "94d102a5624f3c6e9d87b0d53de62c2a", "dueDate": "2022-04-20T00:00:00", "installmentValue": "19.98"}, {"installmentId": "c5da855e6433ef0eb930488b937e244f", "dueDate": "2022-01-20T00:00:00", "installmentValue": "20.00"}, {"installmentId": "06e75b132c0fcf6fd17b3abc20e03bc0", "dueDate": "2022-02-20T00:00:00", "installmentValue": "20.00"}]}