{"originationId": "884634eb365aa8564c4ff9a8639e78ba", "clientId": "0c7528f449db1dc6073f5251aca573cd", "registerDate": "2021-03-15T00:00:00", "installments": [{"installmentId": "bc2a00e980075809fd345a899d9b41be", "dueDate": "2021-04-10T00:00:00", "installmentValue": "103.43"}, {"installmentId": "e2ddc7e181dafef053cd70534636ed56", "dueDate": "2021-05-10T00:00:00", "installmentValue": "103.43"}, {"installmentId": "d26976f5d87721ac2d62cac932782d24", "dueDate": "2021-06-10T00:00:00", "installmentValue": "103.44"}]}