{"originationId": "885ae9a1b8a97b810139018b581033d4", "clientId": "91d456301e9189bf09a2c6c245ba3f50", "registerDate": "2021-04-08T00:00:00", "installments": [{"installmentId": "68d9969f2cab3e4dc32428f245508868", "dueDate": "2021-07-10T00:00:00", "installmentValue": "10.00"}, {"installmentId": "a927389c4f352671ebd90d5e6db8af33", "dueDate": "2021-08-10T00:00:00", "installmentValue": "10.00"}, {"installmentId": "4dc34cfa5365eb0982a077977e78b116", "dueDate": "2021-05-10T00:00:00", "installmentValue": "10.00"}, {"installmentId": "382c36694e45f5ceca693d98e5ebc2d8", "dueDate": "2021-06-10T00:00:00", "installmentValue": "10.00"}, {"installmentId": "ba1945cb878057c6157ecf9c1f8eabcf", "dueDate": "2021-09-10T00:00:00", "installmentValue": "9.99"}]}