{"originationId": "888f32ce88e40ca706878d195cf62190", "clientId": "f0fe134802a6bbac7a987ddc774744a4", "registerDate": "2021-03-30T00:00:00", "installments": [{"installmentId": "24d3899619fb63963dd669e586a8db30", "dueDate": "2021-06-15T00:00:00", "installmentValue": "13.33"}, {"installmentId": "555ca1211ef93f0227e1f1ffc5657685", "dueDate": "2021-07-15T00:00:00", "installmentValue": "13.33"}, {"installmentId": "75eaec5adfbe28a8c404876f45e0b8e3", "dueDate": "2021-05-15T00:00:00", "installmentValue": "13.33"}]}