{"originationId": "88a40dfd04b42c4724da2ae0244583f3", "clientId": "dfe82835975573bf2f57769c16e7f504", "registerDate": "2021-03-24T00:00:00", "installments": [{"installmentId": "d713ecf9c24adb189820168577e72566", "dueDate": "2021-08-10T00:00:00", "installmentValue": "41.28"}, {"installmentId": "de1743f64fe7afa217ea26ada414ac31", "dueDate": "2021-10-10T00:00:00", "installmentValue": "18.29"}, {"installmentId": "efdde0ac6e7aa33e5bed5350c0514e68", "dueDate": "2021-11-10T00:00:00", "installmentValue": "18.29"}, {"installmentId": "8f74398b31cc24826f884db5ed4cb6dc", "dueDate": "2021-06-10T00:00:00", "installmentValue": "41.28"}, {"installmentId": "99f7fd264a16737028d2d3971ad2d5be", "dueDate": "2022-02-10T00:00:00", "installmentValue": "18.29"}, {"installmentId": "9e11c77b6b747ce311c297e8943c05d4", "dueDate": "2022-01-10T00:00:00", "installmentValue": "18.29"}, {"installmentId": "0175a7d470ed2f108b402f6a01a2a114", "dueDate": "2021-07-10T00:00:00", "installmentValue": "41.28"}, {"installmentId": "8a5fc8a939cef013c798e71bccbd6b94", "dueDate": "2021-12-10T00:00:00", "installmentValue": "18.29"}, {"installmentId": "0a0b95b4c6c3433fce056cfbc3f162aa", "dueDate": "2021-09-10T00:00:00", "installmentValue": "41.28"}, {"installmentId": "f4f69736f7be6069a574132f715c5b82", "dueDate": "2021-05-10T00:00:00", "installmentValue": "41.28"}]}