{"originationId": "890ad35101f687133af48704ff76e4b2", "clientId": "b2f2256751213c6e212b4d0bc128ddbf", "registerDate": "2021-04-21T00:00:00", "installments": [{"installmentId": "7f6a626f52d5409f8b9c95b4638e12c4", "dueDate": "2021-06-15T00:00:00", "installmentValue": "27.33"}, {"installmentId": "5388744f1f06d927aba8f7c69b040cfc", "dueDate": "2021-07-15T00:00:00", "installmentValue": "27.33"}, {"installmentId": "37f91f847ced0df8a8b2f27d3d505e3d", "dueDate": "2021-08-15T00:00:00", "installmentValue": "27.32"}]}