{"originationId": "89b02f8274f1d17c1910eba7e6baed21", "clientId": "83a0d7416ed8f997f19f400b3fe456f3", "registerDate": "2021-05-23T00:00:00", "installments": [{"installmentId": "30e2c4054f0197de96e849d6a272239d", "dueDate": "2021-07-10T00:00:00", "installmentValue": "72.98"}, {"installmentId": "a9636af2b2f17f04489d54221f14ad9b", "dueDate": "2021-09-10T00:00:00", "installmentValue": "72.98"}, {"installmentId": "83aa0ab97bc19d595afe584cb7e60812", "dueDate": "2021-08-10T00:00:00", "installmentValue": "72.98"}, {"installmentId": "c79cd4bd61db4a63c4ea3c52e96cea92", "dueDate": "2021-10-10T00:00:00", "installmentValue": "72.98"}, {"installmentId": "5fe66b3ce7eadb3f7cfd37604ae563cc", "dueDate": "2021-11-10T00:00:00", "installmentValue": "72.97"}]}