{"originationId": "8c86083c4a101533debbb5efe74ce1a2", "clientId": "49d1b8c54f8981e75e159430a0efbe24", "registerDate": "2021-03-21T00:00:00", "installments": [{"installmentId": "ef1bfc2ec7046db67b5bd2154c286a91", "dueDate": "2021-09-10T00:00:00", "installmentValue": "109.99"}, {"installmentId": "fea2bf8690dec6f63f7b310e748cfd26", "dueDate": "2021-06-10T00:00:00", "installmentValue": "109.98"}, {"installmentId": "d014d7cf0f97bedb1831b99d5f76e5a1", "dueDate": "2021-07-10T00:00:00", "installmentValue": "109.98"}, {"installmentId": "736ec5a29f281510d2f38299d037e584", "dueDate": "2021-05-10T00:00:00", "installmentValue": "109.98"}, {"installmentId": "e003e2351f96c5d926669f718f7895c9", "dueDate": "2021-08-10T00:00:00", "installmentValue": "109.98"}]}