{"originationId": "8d7bbe2ac2f07677f4f62abd873c6e6c", "clientId": "0c7528f449db1dc6073f5251aca573cd", "registerDate": "2021-04-23T00:00:00", "installments": [{"installmentId": "32318d53adc950f68571d09fe0fb4d68", "dueDate": "2021-06-10T00:00:00", "installmentValue": "39.99"}, {"installmentId": "21860d7e2d594ab8d468a4c88de87bc0", "dueDate": "2021-07-10T00:00:00", "installmentValue": "39.99"}, {"installmentId": "79bc7bd1770e7e5e3509ca9769de6d4f", "dueDate": "2021-08-10T00:00:00", "installmentValue": "39.98"}]}