{"originationId": "93b6e66d066b388111839c7fabb5042d", "clientId": "9e228fa6fb71b076b03002e725f48a40", "registerDate": "2021-04-11T00:00:00", "installments": [{"installmentId": "ebdecf68e752d8929046c118441e18a1", "dueDate": "2021-06-25T00:00:00", "installmentValue": "59.99"}, {"installmentId": "2a8333c58558ae8815f2c3c7366f7086", "dueDate": "2021-07-25T00:00:00", "installmentValue": "59.99"}, {"installmentId": "015624453cfcfa8a73452dcc37e3747f", "dueDate": "2021-04-25T00:00:00", "installmentValue": "59.99"}, {"installmentId": "3b2512d9e2bee8e3ea2a05e754850197", "dueDate": "2021-05-25T00:00:00", "installmentValue": "59.99"}, {"installmentId": "2098e7e3ce3b6fef5aebf28a92158c4a", "dueDate": "2021-08-25T00:00:00", "installmentValue": "59.98"}]}