{"originationId": "94eefd6dfb3357093d8bed8e78a74355", "clientId": "931ba200eb807871a052db73fff55a20", "registerDate": "2021-06-30T00:00:00", "installments": [{"installmentId": "89a0ed14d72551ae0b1befd4ebf1d727", "dueDate": "2022-01-05T00:00:00", "installmentValue": "27.49"}, {"installmentId": "c1dbd7a8f0a2997af29d6e20a4cbdb06", "dueDate": "2021-09-05T00:00:00", "installmentValue": "27.49"}, {"installmentId": "4fa3e0f6ebd81534266d4e2b05177c9c", "dueDate": "2021-10-05T00:00:00", "installmentValue": "27.49"}, {"installmentId": "0f79281c386ecb8f76b19e220ce8314b", "dueDate": "2021-08-05T00:00:00", "installmentValue": "27.49"}, {"installmentId": "38bd6cdb97b5e8b9e03d0fe23deedfdc", "dueDate": "2021-11-05T00:00:00", "installmentValue": "27.49"}, {"installmentId": "5f0289fa094a3b027fdd3d8b6d3068c2", "dueDate": "2021-12-05T00:00:00", "installmentValue": "27.49"}]}