{"originationId": "9595994fb25bbe65f44ac292053265cf", "clientId": "465c90e4f838dca50083d3620da11178", "registerDate": "2021-02-09T00:00:00", "installments": [{"installmentId": "bcc2792553e670357901a32b806495fc", "dueDate": "2021-06-10T00:00:00", "installmentValue": "73.99"}, {"installmentId": "48cf43548023439e6c4f63fecf001e9f", "dueDate": "2021-04-10T00:00:00", "installmentValue": "73.99"}, {"installmentId": "b611a22e64e07a57dd0a8596ceff75be", "dueDate": "2021-07-10T00:00:00", "installmentValue": "73.97"}, {"installmentId": "d7c2afb8fc4d8eafd181e015206e3e75", "dueDate": "2021-05-10T00:00:00", "installmentValue": "73.99"}, {"installmentId": "cb29c00aaa31144af34d509629d7b041", "dueDate": "2021-03-10T00:00:00", "installmentValue": "73.99"}]}