{"originationId": "96289a34dee55854d000faf7553b7a36", "clientId": "5a45e9faede3eb8e56475f93af00529f", "registerDate": "2021-01-02T00:00:00", "installments": [{"installmentId": "45d760b3b4f94dfb30e038cfbc54d3ad", "dueDate": "2021-10-10T00:00:00", "installmentValue": "99.99"}, {"installmentId": "cdd1d167e4f70e62e00757b0b55b3cdd", "dueDate": "2021-07-10T00:00:00", "installmentValue": "99.99"}, {"installmentId": "5aef15c84f966db3f916f5cb2e52b1b5", "dueDate": "2021-11-10T00:00:00", "installmentValue": "99.99"}, {"installmentId": "a46fb25dd923779b41b1e0b871315da9", "dueDate": "2021-06-10T00:00:00", "installmentValue": "99.99"}, {"installmentId": "815a6da9d4e41559b5e28595b9bfd05e", "dueDate": "2021-08-10T00:00:00", "installmentValue": "99.99"}, {"installmentId": "de492001e6f8d4a29f407445721500e4", "dueDate": "2021-02-10T00:00:00", "installmentValue": "99.99"}, {"installmentId": "fc023b47da581e3e882eb6542a4b70d7", "dueDate": "2021-09-10T00:00:00", "installmentValue": "99.99"}, {"installmentId": "1f3e0476437eb9bd63de55f7951d8c69", "dueDate": "2021-03-10T00:00:00", "installmentValue": "99.99"}, {"installmentId": "12890cf3e8017442b15ca9528a453bfa", "dueDate": "2021-05-10T00:00:00", "installmentValue": "99.99"}, {"installmentId": "50adba92040500d6584ae6e268bfbb8b", "dueDate": "2021-04-10T00:00:00", "installmentValue": "99.99"}]}