{"originationId": "9ad14b476b2ae9fbb021feda870ae3af", "clientId": "473f7ebd49263d84c18f006e6e0a8a08", "registerDate": "2021-06-27T00:00:00", "installments": [{"installmentId": "76970a3621ed742311e228365f77569a", "dueDate": "2021-08-15T00:00:00", "installmentValue": "20.79"}, {"installmentId": "d9a44bd8d83a6e36a2c592ae4f1e829f", "dueDate": "2021-12-15T00:00:00", "installmentValue": "20.79"}, {"installmentId": "3956a2aa61585fbc7bdfb42ca7f97eb0", "dueDate": "2022-01-15T00:00:00", "installmentValue": "20.79"}, {"installmentId": "4b4a61cb4ccbd9cf5a77e83ba0542964", "dueDate": "2022-05-15T00:00:00", "installmentValue": "20.83"}, {"installmentId": "e8d4ffc923417ce19279a4fb568c0f9a", "dueDate": "2022-02-15T00:00:00", "installmentValue": "20.79"}, {"installmentId": "116651e656e8d63e29b597b0ea104ba7", "dueDate": "2021-10-15T00:00:00", "installmentValue": "20.79"}, {"installmentId": "db0dd5db0180e84c668bf0b0a33a15c9", "dueDate": "2022-04-15T00:00:00", "installmentValue": "20.79"}, {"installmentId": "808159d44874e29832ebeff068d0510d", "dueDate": "2021-11-15T00:00:00", "installmentValue": "20.79"}, {"installmentId": "304e384a68e041a65ae1a043da3c412b", "dueDate": "2022-03-15T00:00:00", "installmentValue": "20.79"}, {"installmentId": "3be4c27b9b7784898674edc0dd4b673d", "dueDate": "2021-09-15T00:00:00", "installmentValue": "20.79"}]}