{"originationId": "9c3b897355b4a429a868dad1994ae6ea", "clientId": "76bd13c9636958d2983551e08b9dffe6", "registerDate": "2021-05-31T00:00:00", "installments": [{"installmentId": "aef3a844f5b26aa2d793c7aa47914cce", "dueDate": "2021-12-13T00:00:00", "installmentValue": "36.50"}, {"installmentId": "60ec8bde169aaf1cf7c51a3f28680b6e", "dueDate": "2022-03-13T00:00:00", "installmentValue": "36.50"}, {"installmentId": "5106576122ac60d60388da34f713538f", "dueDate": "2022-02-13T00:00:00", "installmentValue": "36.50"}, {"installmentId": "a400edb0fe3a0594a7948e00b5a5c8de", "dueDate": "2022-04-13T00:00:00", "installmentValue": "36.45"}, {"installmentId": "703c8dac024ba8c5ed31a836d3af19aa", "dueDate": "2021-09-13T00:00:00", "installmentValue": "36.50"}, {"installmentId": "a8674914f5058a51195d9608b74b03ca", "dueDate": "2021-10-13T00:00:00", "installmentValue": "36.50"}, {"installmentId": "50859aea67ed5fa7950654c2ebd38608", "dueDate": "2022-01-13T00:00:00", "installmentValue": "36.50"}, {"installmentId": "e505c6722feae1d4dd40c7e86757c4d3", "dueDate": "2021-07-13T00:00:00", "installmentValue": "36.50"}, {"installmentId": "77bacfcde08a034f5a50dd006e3d394a", "dueDate": "2021-11-13T00:00:00", "installmentValue": "36.50"}, {"installmentId": "816b9e6137eee4664d2e90dc016411ce", "dueDate": "2021-08-13T00:00:00", "installmentValue": "36.50"}]}