{"originationId": "9cf0458cce280832d521844cf69c56b9", "clientId": "0c7528f449db1dc6073f5251aca573cd", "registerDate": "2021-06-10T00:00:00", "installments": [{"installmentId": "37c00de4af6b61acdb36eb7910e4ecb0", "dueDate": "2021-10-10T00:00:00", "installmentValue": "40.19"}, {"installmentId": "c2804e03ee2e76893ccc7eaa5f4c514d", "dueDate": "2021-09-10T00:00:00", "installmentValue": "40.19"}, {"installmentId": "35cbb42098145c17b7e92de85c28aed8", "dueDate": "2021-11-10T00:00:00", "installmentValue": "40.18"}, {"installmentId": "18c4b412170bfd747d0f32af72e9c587", "dueDate": "2021-07-10T00:00:00", "installmentValue": "40.19"}, {"installmentId": "0d70f7a54ec412d326cb87643b4bcd48", "dueDate": "2021-08-10T00:00:00", "installmentValue": "40.19"}]}