{"originationId": "9f761f17c31d54ae7cb83ca5c3563e29", "clientId": "dc54d36eebca6e19134e4af4dc89213d", "registerDate": "2021-01-23T00:00:00", "installments": [{"installmentId": "721a321ee25f2d2fd37ebb1d8fb66984", "dueDate": "2021-03-10T00:00:00", "installmentValue": "42.99"}, {"installmentId": "f54237f24c2dc75ed6aeb8d5f7f48e3b", "dueDate": "2021-06-10T00:00:00", "installmentValue": "42.99"}, {"installmentId": "98f7891e17e3886ddc8f1504d6e64df4", "dueDate": "2021-12-10T00:00:00", "installmentValue": "42.99"}, {"installmentId": "b883d764798e8446c75a341ce28c358e", "dueDate": "2021-07-10T00:00:00", "installmentValue": "42.99"}, {"installmentId": "7bf41be37ceb852fda7e106feedf7fa6", "dueDate": "2021-05-10T00:00:00", "installmentValue": "42.99"}, {"installmentId": "ef5cc66a5f4f945de334db31248c32ac", "dueDate": "2021-04-10T00:00:00", "installmentValue": "42.99"}, {"installmentId": "83729258afa4edda89be5eb038f9089d", "dueDate": "2021-10-10T00:00:00", "installmentValue": "42.99"}, {"installmentId": "c271b5223adb2f7773580f2baab2940c", "dueDate": "2021-11-10T00:00:00", "installmentValue": "42.99"}, {"installmentId": "51dc2cf53b1088d6e01f834760cdd4b6", "dueDate": "2021-08-10T00:00:00", "installmentValue": "42.99"}, {"installmentId": "8bd3fba0e99bf4daedb552b074ebbcd2", "dueDate": "2021-09-10T00:00:00", "installmentValue": "42.99"}]}