{"originationId": "a02586a323027a2a656f24cfa6c9d8c4", "clientId": "32280121c536d3d389f0438a5244cdca", "registerDate": "2021-01-06T00:00:00", "installments": [{"installmentId": "648990773a85067ac0c62c494140f5c9", "dueDate": "2021-03-15T00:00:00", "installmentValue": "60.18"}, {"installmentId": "aacd996f0b1bad5242473245ab3e39dd", "dueDate": "2021-04-15T00:00:00", "installmentValue": "60.18"}, {"installmentId": "f0c8fcc39b8a92a43d196c2184ce3d19", "dueDate": "2021-05-15T00:00:00", "installmentValue": "60.18"}, {"installmentId": "6956fa84a8229dd421a4073e72e69e1d", "dueDate": "2021-06-15T00:00:00", "installmentValue": "60.20"}, {"installmentId": "b4b871db15cd97b2ee362dbb32288f87", "dueDate": "2021-02-15T00:00:00", "installmentValue": "60.18"}]}