{"originationId": "a0834692118f3dd0a3fd25fda6723c4d", "clientId": "2c56da5a988614d10e06a70eb912b67a", "registerDate": "2021-06-02T00:00:00", "installments": [{"installmentId": "baac98c3c89b91ab463ec3d7140725f1", "dueDate": "2021-12-15T00:00:00", "installmentValue": "27.00"}, {"installmentId": "f9d2d95532983e0fa16344d425658dcc", "dueDate": "2022-01-15T00:00:00", "installmentValue": "27.00"}, {"installmentId": "4b474788fb4ae30a16d4fd8e627940ce", "dueDate": "2021-10-15T00:00:00", "installmentValue": "27.00"}, {"installmentId": "fe766f1e349e19c362c74b42cfbebb75", "dueDate": "2021-08-15T00:00:00", "installmentValue": "27.00"}, {"installmentId": "c844e0885a96ee1034b35cc1d7b1aba8", "dueDate": "2021-07-15T00:00:00", "installmentValue": "27.00"}, {"installmentId": "02f78221bafb6093829cc88663e93bb5", "dueDate": "2022-02-15T00:00:00", "installmentValue": "27.00"}, {"installmentId": "9b7dfd80694581f70cf11aa8b902d23b", "dueDate": "2022-03-15T00:00:00", "installmentValue": "26.96"}, {"installmentId": "1ce733cff38bf2c1fdc879d95bcf649a", "dueDate": "2021-09-15T00:00:00", "installmentValue": "27.00"}, {"installmentId": "7f5695de70e877153cf8a8f9c3df74b2", "dueDate": "2021-11-15T00:00:00", "installmentValue": "27.00"}, {"installmentId": "9c3a47f11b50f9ddfda3db612792cbe4", "dueDate": "2021-06-15T00:00:00", "installmentValue": "27.00"}]}