{"originationId": "a3586207ebc3a7b172852762f5650c8e", "clientId": "b2f2256751213c6e212b4d0bc128ddbf", "registerDate": "2021-06-23T00:00:00", "installments": [{"installmentId": "c467b6a99993cddd5628eb1ad92ae72d", "dueDate": "2021-08-15T00:00:00", "installmentValue": "35.98"}, {"installmentId": "d1a1c1570a8694b95dbbdc56fafbafd3", "dueDate": "2021-12-15T00:00:00", "installmentValue": "35.98"}, {"installmentId": "3f854c2cd6cf8db58727dde162a95188", "dueDate": "2021-10-15T00:00:00", "installmentValue": "35.98"}, {"installmentId": "1ad7b8c44aed59933fe5f0cccdb805c1", "dueDate": "2021-11-15T00:00:00", "installmentValue": "35.98"}, {"installmentId": "71f530ef8502408098770c77fb5c4944", "dueDate": "2021-09-15T00:00:00", "installmentValue": "35.98"}]}