{"originationId": "a4765552d74d0db3db5082fc05946f89", "clientId": "e4f8f6a8d75d55aae67485a4f8ccc9c6", "registerDate": "2021-05-08T00:00:00", "installments": [{"installmentId": "904c06f1ddad0dfb868db3cf99477c4b", "dueDate": "2021-06-20T00:00:00", "installmentValue": "79.38"}, {"installmentId": "629f4abd9601e3323e32a456b1c4c42f", "dueDate": "2021-05-20T00:00:00", "installmentValue": "79.38"}, {"installmentId": "a95d654a80ceeb04f32800c697fe1669", "dueDate": "2021-07-20T00:00:00", "installmentValue": "79.38"}, {"installmentId": "c3b0a9165208e04cab0325652d6fcfa4", "dueDate": "2021-08-20T00:00:00", "installmentValue": "79.38"}, {"installmentId": "ab5411f199674968867bc6c0b1d1b0a0", "dueDate": "2021-09-20T00:00:00", "installmentValue": "79.39"}]}