{"originationId": "a8187507b1ebd6e68aaf78457c5ce5f8", "clientId": "b2f2256751213c6e212b4d0bc128ddbf", "registerDate": "2021-06-26T00:00:00", "installments": [{"installmentId": "39bb51bc65ef8d962b7d1fe939548ace", "dueDate": "2021-09-15T00:00:00", "installmentValue": "164.85"}, {"installmentId": "0cc6ae0bd7c3060cd7b385adb3c4a4da", "dueDate": "2022-03-15T00:00:00", "installmentValue": "164.85"}, {"installmentId": "f6874daa2160f0205afb1b554007fa09", "dueDate": "2021-12-15T00:00:00", "installmentValue": "164.85"}, {"installmentId": "bee535666e5f3c794fe66b1f5788d4d3", "dueDate": "2022-01-15T00:00:00", "installmentValue": "164.85"}, {"installmentId": "0070e0e582a61325d18d77348de6ef62", "dueDate": "2021-11-15T00:00:00", "installmentValue": "164.85"}, {"installmentId": "c1e4e5afd65b48e4d1ca49824c0b45fe", "dueDate": "2022-02-15T00:00:00", "installmentValue": "164.85"}, {"installmentId": "735c3b48150a354c0638baeaf4fa2377", "dueDate": "2021-10-15T00:00:00", "installmentValue": "164.85"}, {"installmentId": "46349752628c2541aa015294f84e34d4", "dueDate": "2021-08-15T00:00:00", "installmentValue": "164.85"}, {"installmentId": "24510af3377bca0742ea5c393e7df495", "dueDate": "2022-05-15T00:00:00", "installmentValue": "164.85"}, {"installmentId": "432cfab48b3bfd408d3545c42d3a53f4", "dueDate": "2022-04-15T00:00:00", "installmentValue": "164.85"}]}