{"originationId": "a8d032b7ff0ccdecd5a980e3efb85e5e", "clientId": "38fd10594d024635191b55f18aa4359a", "registerDate": "2021-02-12T00:00:00", "installments": [{"installmentId": "0e12128098206fec7a1db5ab39813336", "dueDate": "2021-04-15T00:00:00", "installmentValue": "33.99"}, {"installmentId": "2c4896b661ab27c7a1d2d62a028a2264", "dueDate": "2021-03-15T00:00:00", "installmentValue": "33.99"}, {"installmentId": "1ddf6d17b59d94760c5a721f7318e6a5", "dueDate": "2021-06-15T00:00:00", "installmentValue": "33.99"}, {"installmentId": "034cb96612cbada621f053679c14332a", "dueDate": "2021-07-15T00:00:00", "installmentValue": "34.00"}, {"installmentId": "584cabf152a4a73c0de72832199816c6", "dueDate": "2021-05-15T00:00:00", "installmentValue": "33.99"}]}