{"originationId": "a9d84cad18d72090b5a302bd9aa26c3e", "clientId": "b3ed3b856056396eac59b1aab17aa23a", "registerDate": "2021-06-12T00:00:00", "installments": [{"installmentId": "ca56498fe4823d18de318947e1acacd1", "dueDate": "2021-07-15T00:00:00", "installmentValue": "30.00"}, {"installmentId": "06e9ed49afd0f3e976035d50dea5bda8", "dueDate": "2021-08-15T00:00:00", "installmentValue": "30.00"}, {"installmentId": "e5af8ee33618696ec1f132447ddc4581", "dueDate": "2021-09-15T00:00:00", "installmentValue": "29.99"}]}