{"originationId": "ab7021e3ad2d88ab0d1a42a7c0baef43", "clientId": "49d1b8c54f8981e75e159430a0efbe24", "registerDate": "2021-03-30T00:00:00", "installments": [{"installmentId": "392901644153672f5013002f0cd1cce8", "dueDate": "2021-08-10T00:00:00", "installmentValue": "116.97"}, {"installmentId": "c121a61cf1e8695db5fe427b434750db", "dueDate": "2021-06-10T00:00:00", "installmentValue": "116.97"}, {"installmentId": "cc12f900e6bffc19b6de8e8c0dcba7b8", "dueDate": "2021-07-10T00:00:00", "installmentValue": "116.97"}, {"installmentId": "9b4fcba591454a6622d7275e751bd1d6", "dueDate": "2021-05-10T00:00:00", "installmentValue": "116.97"}, {"installmentId": "560e0c1e38f21af3a85d1bc782c8dc24", "dueDate": "2021-09-10T00:00:00", "installmentValue": "116.98"}]}