{"originationId": "abce6ecc43c9ed91d282515709833cf2", "clientId": "b3ed3b856056396eac59b1aab17aa23a", "registerDate": "2021-02-18T00:00:00", "installments": [{"installmentId": "1f7cab4c10889bc5c027f583a0ec7425", "dueDate": "2021-05-15T00:00:00", "installmentValue": "18.00"}, {"installmentId": "c5d66ab4110f35bd4e3ab3a1b5ef97c9", "dueDate": "2021-04-15T00:00:00", "installmentValue": "18.00"}, {"installmentId": "a949198e1eed3a5a85c74551eec29a89", "dueDate": "2021-07-15T00:00:00", "installmentValue": "18.00"}, {"installmentId": "e6f3da194fca48d58a7b32f9287b6b36", "dueDate": "2021-06-15T00:00:00", "installmentValue": "18.00"}, {"installmentId": "919b24361fc64b2ebaeb22a76aede11f", "dueDate": "2021-08-15T00:00:00", "installmentValue": "17.99"}]}