{"originationId": "ad95f51ef1f7326ca35a110b752ce4aa", "clientId": "707ffec7c6185f4dcef822a5939cdabf", "registerDate": "2021-06-01T00:00:00", "installments": [{"installmentId": "fe09b65be2df58b60e8f207d07a39b13", "dueDate": "2021-08-28T00:00:00", "installmentValue": "29.24"}, {"installmentId": "d57c72d664a58b7682ab662a3a3f4640", "dueDate": "2021-06-28T00:00:00", "installmentValue": "29.24"}, {"installmentId": "b85c9e27c4aa48b90f0126179a88395b", "dueDate": "2021-07-28T00:00:00", "installmentValue": "29.24"}, {"installmentId": "2816bd2d5a14efa7b75fe1ac5f868211", "dueDate": "2021-09-28T00:00:00", "installmentValue": "29.24"}]}