{"originationId": "ae807f459349cdf719cb06e39ed84c8e", "clientId": "2c56da5a988614d10e06a70eb912b67a", "registerDate": "2021-06-05T00:00:00", "installments": [{"installmentId": "14f554fad3c854a1399ee681756d162b", "dueDate": "2021-12-15T00:00:00", "installmentValue": "31.00"}, {"installmentId": "92ed0c2537f4df36a2460b6eae542eb5", "dueDate": "2021-09-15T00:00:00", "installmentValue": "31.00"}, {"installmentId": "9959d7c4834b2bd5088f554ae10b6d40", "dueDate": "2022-04-15T00:00:00", "installmentValue": "30.98"}, {"installmentId": "348b2045923ceb3a6f705add30fefee5", "dueDate": "2022-01-15T00:00:00", "installmentValue": "31.00"}, {"installmentId": "a8183faf9274b94e0bbdd6403dba7b73", "dueDate": "2022-03-15T00:00:00", "installmentValue": "31.00"}, {"installmentId": "998494ec00c46647fcfecd17ccb11c62", "dueDate": "2021-11-15T00:00:00", "installmentValue": "31.00"}, {"installmentId": "fcf8ef8512773d9d0ac088942cb3cfcb", "dueDate": "2021-08-15T00:00:00", "installmentValue": "31.00"}, {"installmentId": "a3fb4814f3b87fedf88f93b056e78c8f", "dueDate": "2022-02-15T00:00:00", "installmentValue": "31.00"}, {"installmentId": "a13ebd529fd62269ad82e014ad0e4cc2", "dueDate": "2021-07-15T00:00:00", "installmentValue": "31.00"}, {"installmentId": "15bd053882b19aef886e8038ee8cff6f", "dueDate": "2021-10-15T00:00:00", "installmentValue": "31.00"}]}