{"originationId": "af76bc786f3dcaa2db063a51d1f7e7bc", "clientId": "8ae8a0f6998135d30b4deaaa72be401f", "registerDate": "2021-06-22T00:00:00", "installments": [{"installmentId": "347b68141336e6d959532532f85c4ec9", "dueDate": "2021-10-25T00:00:00", "installmentValue": "74.98"}, {"installmentId": "19d42667ce2f22343abb58c10f814a96", "dueDate": "2021-09-25T00:00:00", "installmentValue": "74.98"}, {"installmentId": "1c56ec5499c59e81d0facb11569b8365", "dueDate": "2021-08-25T00:00:00", "installmentValue": "74.98"}]}