{"originationId": "b28eec4dd1b6dacff3c57d5f882c33d6", "clientId": "033084c8b4dc9969ca1f7b8261b26821", "registerDate": "2021-01-22T00:00:00", "installments": [{"installmentId": "ab80d7554f075bcff453cbe12ed79097", "dueDate": "2021-04-10T00:00:00", "installmentValue": "44.98"}, {"installmentId": "d9005a7c92dd3869eac82d2d06e26c87", "dueDate": "2021-05-10T00:00:00", "installmentValue": "44.99"}, {"installmentId": "1897bdcb04b562b77059c78c9378fa62", "dueDate": "2021-03-10T00:00:00", "installmentValue": "44.98"}]}