{"originationId": "b569a30877840f013ccbac2128e469f6", "clientId": "a194c7dc6335de1b98adf74c76d15319", "registerDate": "2021-05-08T00:00:00", "installments": [{"installmentId": "baaa7fa26d0d068b6ed113f2eafe7868", "dueDate": "2021-07-30T00:00:00", "installmentValue": "79.99"}, {"installmentId": "8e717952b957bf8bd89d12f91ee213c3", "dueDate": "2021-05-30T00:00:00", "installmentValue": "79.98"}, {"installmentId": "8f1e4543e277904362f6edb1723e638f", "dueDate": "2021-06-30T00:00:00", "installmentValue": "79.98"}]}