{"originationId": "bbdd2293bff289734ffa0aa46b8192c4", "clientId": "21319a46363cf4a85c2b070e720cd7ad", "registerDate": "2021-04-24T00:00:00", "installments": [{"installmentId": "744c421ce6467cc3e490123556c0fe96", "dueDate": "2021-08-15T00:00:00", "installmentValue": "51.65"}, {"installmentId": "055e0c9ae397c349a5103c05476a56c5", "dueDate": "2021-06-15T00:00:00", "installmentValue": "51.65"}, {"installmentId": "84dfa764804b06c94b5acc9b481615e6", "dueDate": "2021-07-15T00:00:00", "installmentValue": "51.65"}]}