{"originationId": "bc7025ee116f97fdbe4fd36ca0c2bce0", "clientId": "cbb19b1ef0cdb8c6ac11ae2b978d580a", "registerDate": "2021-03-19T00:00:00", "installments": [{"installmentId": "a6229461b916eb5d0b0183a3feb82098", "dueDate": "2021-11-10T00:00:00", "installmentValue": "217.23"}, {"installmentId": "681fe5b56836bd75477f10444c4abd89", "dueDate": "2022-02-10T00:00:00", "installmentValue": "217.21"}, {"installmentId": "74a351176cb50ebf897cb2ffc88878ca", "dueDate": "2021-09-10T00:00:00", "installmentValue": "217.23"}, {"installmentId": "5e2f47cad4e290fb6c8b1a46ccf6297b", "dueDate": "2021-05-10T00:00:00", "installmentValue": "217.23"}, {"installmentId": "1fc2750ac81f4f82eaf01812e7287681", "dueDate": "2021-07-10T00:00:00", "installmentValue": "217.23"}, {"installmentId": "a18fd53c8c87ddd47bae45761179c10d", "dueDate": "2021-10-10T00:00:00", "installmentValue": "217.23"}, {"installmentId": "dd2add615fbfbb630539da55f368053a", "dueDate": "2021-12-10T00:00:00", "installmentValue": "217.23"}, {"installmentId": "b398f20018af2608dff5163042026c7d", "dueDate": "2021-08-10T00:00:00", "installmentValue": "217.23"}, {"installmentId": "a6309114670ab5bf723b6eea18987a7a", "dueDate": "2021-06-10T00:00:00", "installmentValue": "217.23"}, {"installmentId": "52bba2587d69fd0afe21180b755ffeba", "dueDate": "2022-01-10T00:00:00", "installmentValue": "217.23"}]}