{"originationId": "bd3374b434b81a5895837bd2348bdef0", "clientId": "a32eb044ef4f094c78e8bbcd2df88125", "registerDate": "2021-02-19T00:00:00", "installments": [{"installmentId": "b7ed29c971c7870f8b0204e8c077814d", "dueDate": "2021-12-10T00:00:00", "installmentValue": "19.99"}, {"installmentId": "81ecc6e80629d779312436b2a04b4194", "dueDate": "2021-11-10T00:00:00", "installmentValue": "19.99"}, {"installmentId": "e8a42adc06a7e1211a6091345b891644", "dueDate": "2021-10-10T00:00:00", "installmentValue": "19.99"}, {"installmentId": "42c6dfd2b59c5ce2a0c342052eb67788", "dueDate": "2021-08-10T00:00:00", "installmentValue": "23.78"}, {"installmentId": "942db348fae730da87ecece27232e6d6", "dueDate": "2021-04-10T00:00:00", "installmentValue": "23.78"}, {"installmentId": "09bb5f309b59229368f21a9f1c2d9f0f", "dueDate": "2021-06-10T00:00:00", "installmentValue": "23.78"}, {"installmentId": "d15765732d1721778b89869cc056d2ea", "dueDate": "2022-01-10T00:00:00", "installmentValue": "20.01"}, {"installmentId": "c1e84e5373375954f45ea3a065ca448d", "dueDate": "2021-07-10T00:00:00", "installmentValue": "23.78"}, {"installmentId": "a2c4bcbcbe82a4b99aaadcb02c74854c", "dueDate": "2021-05-10T00:00:00", "installmentValue": "23.78"}, {"installmentId": "6494907e6239aaea17fe989b535c007e", "dueDate": "2021-09-10T00:00:00", "installmentValue": "19.99"}]}