{"originationId": "be64110204ff86d7c2e294bec25cfe24", "clientId": "a4ceb92fbea522d953abad016b3efacd", "registerDate": "2021-05-06T00:00:00", "installments": [{"installmentId": "5edbf43f35a34aaf0dbcd7c56ac27697", "dueDate": "2021-09-15T00:00:00", "installmentValue": "115.89"}, {"installmentId": "95e5466bfcc37ca17a5ef7301f9af0e2", "dueDate": "2021-11-15T00:00:00", "installmentValue": "115.89"}, {"installmentId": "fbbd596d7750f9d6eca32a112217b54f", "dueDate": "2021-07-15T00:00:00", "installmentValue": "115.89"}, {"installmentId": "db9d3cb36b962cc334a174ff51dee688", "dueDate": "2021-06-15T00:00:00", "installmentValue": "115.89"}, {"installmentId": "50b5a21a45e8b41924a47fcc93686392", "dueDate": "2021-08-15T00:00:00", "installmentValue": "115.89"}, {"installmentId": "196d35f0bf4455759f9f51ca4e3e6474", "dueDate": "2021-12-15T00:00:00", "installmentValue": "115.89"}, {"installmentId": "b391fd108a21ffdd936d6e2e14c88bf0", "dueDate": "2021-10-15T00:00:00", "installmentValue": "115.89"}]}