{"originationId": "bef592999d590e3fd81df9610a749eb6", "clientId": "0c7528f449db1dc6073f5251aca573cd", "registerDate": "2021-06-08T00:00:00", "installments": [{"installmentId": "be3248d369558160056bea6420f304f3", "dueDate": "2021-08-10T00:00:00", "installmentValue": "64.99"}, {"installmentId": "bc886ea9e75b2924099c4197fc0513df", "dueDate": "2021-09-10T00:00:00", "installmentValue": "64.99"}, {"installmentId": "b16199a336d5176a9214c392c7587a7a", "dueDate": "2021-07-10T00:00:00", "installmentValue": "64.99"}]}