{"originationId": "c1584f6efd4560d623f8e4c829ad63f5", "clientId": "19253e795fa6e7fb5bdef6ed7eb35269", "registerDate": "2021-06-17T00:00:00", "installments": [{"installmentId": "1d41eb00792d2fbd5340022221784fb0", "dueDate": "2021-08-10T00:00:00", "installmentValue": "99.69"}, {"installmentId": "2fae6c562e55d40af9aefc65c7604894", "dueDate": "2021-07-10T00:00:00", "installmentValue": "99.69"}, {"installmentId": "00de592bc1e649a152b0c5668987c2ba", "dueDate": "2021-09-10T00:00:00", "installmentValue": "99.68"}]}