{"originationId": "c542a65e70de91f82751f422e0defafc", "clientId": "505cb56905202e98fa26a77c3aebdf13", "registerDate": "2021-05-15T00:00:00", "installments": [{"installmentId": "3e2ca08cb8cb0223075591d44bee70aa", "dueDate": "2021-07-25T00:00:00", "installmentValue": "94.39"}, {"installmentId": "846e59a6ac093fe71c9e1d51993bcea3", "dueDate": "2021-06-25T00:00:00", "installmentValue": "94.39"}, {"installmentId": "f1710e1529653f5fdfd1d91b50c01c56", "dueDate": "2021-10-25T00:00:00", "installmentValue": "94.40"}, {"installmentId": "98db5b901df090941788fd33bfe4b3e8", "dueDate": "2021-08-25T00:00:00", "installmentValue": "94.39"}, {"installmentId": "a5cc9fb5d70197edfc22d1eebb4254b9", "dueDate": "2021-09-25T00:00:00", "installmentValue": "94.39"}]}