{"originationId": "c6cb30ee3d522197d309d2080d6a1a49", "clientId": "19afba4a538865869f6d47e89533eec6", "registerDate": "2021-02-11T00:00:00", "installments": [{"installmentId": "956fe4e91518b2e524402845d0960e92", "dueDate": "2021-06-15T00:00:00", "installmentValue": "50.25"}, {"installmentId": "00afe23d532302059028426bab2a8e30", "dueDate": "2021-04-15T00:00:00", "installmentValue": "50.25"}, {"installmentId": "df6c31285c4ac8165ad3f9bc2d55ec52", "dueDate": "2021-07-15T00:00:00", "installmentValue": "50.24"}, {"installmentId": "3333c988e413ad1a3c13d28433b02f44", "dueDate": "2021-05-15T00:00:00", "installmentValue": "50.25"}, {"installmentId": "2175fad62e36dfba0efffdd45bddcfc2", "dueDate": "2021-03-15T00:00:00", "installmentValue": "50.25"}]}