{"originationId": "c9f5f314eab038eee9a953fadd36e615", "clientId": "06110ad42c7521723babdb83657d0696", "registerDate": "2021-06-04T00:00:00", "installments": [{"installmentId": "fd852376072f2e420062e060fe600f89", "dueDate": "2021-11-25T00:00:00", "installmentValue": "40.89"}, {"installmentId": "ca409ec912a876685bc8f35b2a937fe2", "dueDate": "2021-06-25T00:00:00", "installmentValue": "40.89"}, {"installmentId": "15df57d475f1c5853d72bf53f21ea438", "dueDate": "2022-01-25T00:00:00", "installmentValue": "40.89"}, {"installmentId": "b082f6031fa12d024485d8f86094a1e8", "dueDate": "2021-10-25T00:00:00", "installmentValue": "40.89"}, {"installmentId": "f72e451f2ef8e22dd833244ad8788b22", "dueDate": "2022-03-25T00:00:00", "installmentValue": "40.88"}, {"installmentId": "3289af21bc95dcb07960303a624e4312", "dueDate": "2021-08-25T00:00:00", "installmentValue": "40.89"}, {"installmentId": "a8838625aa8bde1371de3591b0fa5c2e", "dueDate": "2021-09-25T00:00:00", "installmentValue": "40.89"}, {"installmentId": "e2b60d9420b9e4b823fe22fd3434f6a9", "dueDate": "2021-07-25T00:00:00", "installmentValue": "40.89"}, {"installmentId": "2027209a220471d5ef3a0d607fba6b0b", "dueDate": "2021-12-25T00:00:00", "installmentValue": "40.89"}, {"installmentId": "c14f30dbb5a5fae08e4524d2d2270d29", "dueDate": "2022-02-25T00:00:00", "installmentValue": "40.89"}]}