{"originationId": "cfd85a89288fb3745dadc22c110c8bd5", "clientId": "ba58214d7ea262b314d3229d4430d36c", "registerDate": "2021-04-10T00:00:00", "installments": [{"installmentId": "d82435c51430f79ccbe95bace5749414", "dueDate": "2021-08-15T00:00:00", "installmentValue": "120.96"}, {"installmentId": "5acdcd38e629132b566c16531f34e743", "dueDate": "2021-07-15T00:00:00", "installmentValue": "120.96"}, {"installmentId": "f973078df99793dd1e4cb1c92471e15a", "dueDate": "2021-05-15T00:00:00", "installmentValue": "120.96"}, {"installmentId": "07200c4f1350cb20e7c7ffd8ad3bf316", "dueDate": "2021-06-15T00:00:00", "installmentValue": "120.96"}, {"installmentId": "dc866638b248bbe68bb83339d2c86698", "dueDate": "2021-09-15T00:00:00", "installmentValue": "120.97"}]}