{"originationId": "d0fbc2c1ced6131d63791d046ce5f54d", "clientId": "ee6701a28488228a79a095e9cd5bf1c8", "registerDate": "2021-04-22T00:00:00", "installments": [{"installmentId": "a1d728f701824d6fbac71ec0425f3b22", "dueDate": "2021-06-15T00:00:00", "installmentValue": "63.59"}, {"installmentId": "b82a4701afe3b6823ff224f03f455936", "dueDate": "2021-07-15T00:00:00", "installmentValue": "63.59"}, {"installmentId": "16b53cefe5c51be822537455eb0e6ff7", "dueDate": "2021-08-15T00:00:00", "installmentValue": "63.59"}, {"installmentId": "b6dd69757446ffb4b5f61c40e131cf4f", "dueDate": "2021-10-15T00:00:00", "installmentValue": "63.57"}, {"installmentId": "cd41af7135ecabc326d05659d5fdf80b", "dueDate": "2021-09-15T00:00:00", "installmentValue": "63.59"}]}