{"originationId": "d34481719c13e719a9d849285776d693", "clientId": "33b2036ff5089dc8bcf029e720b03689", "registerDate": "2021-04-29T00:00:00", "installments": [{"installmentId": "e9fee1f33549029fc4d6f75d50c247d2", "dueDate": "2021-10-05T00:00:00", "installmentValue": "78.00"}, {"installmentId": "b4ad21f9981856b8a319a7d6f7a54e2e", "dueDate": "2021-09-05T00:00:00", "installmentValue": "77.98"}, {"installmentId": "1384c6b46cfaf49d2bfcc938022c5137", "dueDate": "2021-07-05T00:00:00", "installmentValue": "77.98"}, {"installmentId": "e69eacab3e1fc6824fb0caf979098745", "dueDate": "2021-06-05T00:00:00", "installmentValue": "77.98"}, {"installmentId": "4374a4bcbb45b8a25d3f0c5132cb0de0", "dueDate": "2021-08-05T00:00:00", "installmentValue": "77.98"}]}