{"originationId": "d44aefbe9890318bddc91533c7476785", "clientId": "f0405de9477f9210a84bc53548b09a95", "registerDate": "2021-05-09T00:00:00", "installments": [{"installmentId": "387587341b59d8c1c544225f4d107d2e", "dueDate": "2021-08-15T00:00:00", "installmentValue": "51.99"}, {"installmentId": "0a48b1b8d7a45bd09b3eb8d54ef69494", "dueDate": "2021-07-15T00:00:00", "installmentValue": "51.99"}, {"installmentId": "bacc74bceef3da0ccdc085cc8dff58f8", "dueDate": "2021-06-15T00:00:00", "installmentValue": "51.99"}, {"installmentId": "5f6e32083d87fd64709c07bca48efbb2", "dueDate": "2021-09-15T00:00:00", "installmentValue": "51.99"}, {"installmentId": "afe7e0b96be7389ca04d926ef0276c59", "dueDate": "2021-10-15T00:00:00", "installmentValue": "52.00"}]}