{"originationId": "d87dcb6f2f092cdaba537660587b2c33", "clientId": "ba0ba93988b228cb8bfb0e495d1d4b9c", "registerDate": "2021-02-16T00:00:00", "installments": [{"installmentId": "415b0c21abec7e9f6be9ee75fa6b0c3d", "dueDate": "2021-12-15T00:00:00", "installmentValue": "13.21"}, {"installmentId": "5f03719687b98bc8c752df39f891c1a6", "dueDate": "2021-05-15T00:00:00", "installmentValue": "13.23"}, {"installmentId": "e1010fc8c1bfcdb3171db0eb88a28ff2", "dueDate": "2021-06-15T00:00:00", "installmentValue": "13.23"}, {"installmentId": "ffbfe0b9f27209c92196a4f6aac96bf8", "dueDate": "2021-11-15T00:00:00", "installmentValue": "13.23"}, {"installmentId": "8618e140d1cfd1e7de55489c0641bd14", "dueDate": "2021-08-15T00:00:00", "installmentValue": "13.23"}, {"installmentId": "3fc037c9b5260f349bbb17f5aaf7f0ec", "dueDate": "2021-10-15T00:00:00", "installmentValue": "13.23"}, {"installmentId": "f2010d3e2caf0288979a60595fbe54c8", "dueDate": "2021-03-15T00:00:00", "installmentValue": "13.23"}, {"installmentId": "426947bb3371c582348b25797e764b29", "dueDate": "2021-04-15T00:00:00", "installmentValue": "13.23"}, {"installmentId": "6a5da4a57428f5b3fb127b6ff35a365a", "dueDate": "2021-09-15T00:00:00", "installmentValue": "13.23"}, {"installmentId": "563690c761315953213a453708d4ed27", "dueDate": "2021-07-15T00:00:00", "installmentValue": "13.23"}]}