{"originationId": "d8eb4e483b3b85ff9681ad8b902b604e", "clientId": "49d1b8c54f8981e75e159430a0efbe24", "registerDate": "2021-05-02T00:00:00", "installments": [{"installmentId": "7844a03a4ad49ecc87a50e45ef773d20", "dueDate": "2021-10-10T00:00:00", "installmentValue": "21.81"}, {"installmentId": "599d82174f21bdbb365687a1937868f1", "dueDate": "2021-09-10T00:00:00", "installmentValue": "21.79"}, {"installmentId": "56ce31389c8d22a9fd2115acd9521c1f", "dueDate": "2021-06-10T00:00:00", "installmentValue": "21.79"}, {"installmentId": "0393327cb86b6f114ff80476e1bb2459", "dueDate": "2021-08-10T00:00:00", "installmentValue": "21.79"}, {"installmentId": "57f1e308295cdea07f1084c8e51b286d", "dueDate": "2021-07-10T00:00:00", "installmentValue": "21.79"}]}