{"originationId": "da08114ca315cbaea22cb31a2ba126d8", "clientId": "ae6de62667d399d67a0a4e99a615144b", "registerDate": "2021-03-25T00:00:00", "installments": [{"installmentId": "b6ab9cc007e9dc7577ae9e5089a4a705", "dueDate": "2021-12-15T00:00:00", "installmentValue": "24.94"}, {"installmentId": "c2d52277e0d604318a4c2596df1a512c", "dueDate": "2021-09-15T00:00:00", "installmentValue": "24.94"}, {"installmentId": "042b513d50e704beea6300e3493bda41", "dueDate": "2021-10-15T00:00:00", "installmentValue": "24.94"}, {"installmentId": "4a971e0c02239b3ca402813511b3ce1d", "dueDate": "2021-08-15T00:00:00", "installmentValue": "24.94"}, {"installmentId": "2b9d6aeb1a9e8fc6ac965011eed1ee24", "dueDate": "2022-01-15T00:00:00", "installmentValue": "24.94"}, {"installmentId": "50c7c33baef779ae65d97886669053a0", "dueDate": "2022-02-15T00:00:00", "installmentValue": "24.96"}, {"installmentId": "f730dafc750a4c3c801c8626025c444e", "dueDate": "2021-11-15T00:00:00", "installmentValue": "24.94"}, {"installmentId": "d4ec39bd3f2abd1f1d84ce1170006859", "dueDate": "2021-05-15T00:00:00", "installmentValue": "24.94"}, {"installmentId": "064f64606fdd9b0c03ef09679fdc45d1", "dueDate": "2021-06-15T00:00:00", "installmentValue": "24.94"}, {"installmentId": "f1103ba2aad9b455763d7ea54f1294e5", "dueDate": "2021-07-15T00:00:00", "installmentValue": "24.94"}]}