{"originationId": "dcdab9fbe443a5b6afd8d6f752a3bd6e", "clientId": "6fa324bc2a776dc0696ea927fdcb14c4", "registerDate": "2021-05-14T00:00:00", "installments": [{"installmentId": "8f8d7ae4b9f09236f42599fd83a6eecd", "dueDate": "2021-07-15T00:00:00", "installmentValue": "15.59"}, {"installmentId": "f256d3a33d01b193cc47a821c550dcc3", "dueDate": "2021-08-15T00:00:00", "installmentValue": "15.59"}, {"installmentId": "b9a4fdbcd319bb1eac461fc5cfa5aac8", "dueDate": "2021-06-15T00:00:00", "installmentValue": "15.59"}, {"installmentId": "423d03299271d6505e6de7f3e30b1f48", "dueDate": "2021-09-15T00:00:00", "installmentValue": "15.59"}, {"installmentId": "595878c960e1c6fdc8cce47f31e7c308", "dueDate": "2021-10-15T00:00:00", "installmentValue": "15.61"}]}