{"originationId": "dd19c0262272da454fa24ede70d25a33", "clientId": "1452324b8c1696b6063a7c0a822edb09", "registerDate": "2021-06-06T00:00:00", "installments": [{"installmentId": "9f794b558cf61af1786423069b162b18", "dueDate": "2022-03-15T00:00:00", "installmentValue": "97.98"}, {"installmentId": "b4522bd04799e517939af161adfa8ada", "dueDate": "2021-09-15T00:00:00", "installmentValue": "97.98"}, {"installmentId": "d08d7a52b592107119649575aba95585", "dueDate": "2022-04-15T00:00:00", "installmentValue": "98.03"}, {"installmentId": "4f01ae4bbb00c9bbb09ca5982159447a", "dueDate": "2022-02-15T00:00:00", "installmentValue": "97.98"}, {"installmentId": "73a2adb1940b4645dfbe64a1e20354ea", "dueDate": "2021-10-15T00:00:00", "installmentValue": "97.98"}, {"installmentId": "f414def23aac1b5cf2d1f15d349c4a7d", "dueDate": "2021-08-15T00:00:00", "installmentValue": "97.98"}, {"installmentId": "1b24a7b8d93be43728f99c00bd0c3cf5", "dueDate": "2022-01-15T00:00:00", "installmentValue": "97.98"}, {"installmentId": "17e796ed1a65ab8958810f24b3472b41", "dueDate": "2021-07-15T00:00:00", "installmentValue": "97.98"}, {"installmentId": "9dfeb228a10db4f2e99b34bd9ec36f69", "dueDate": "2021-11-15T00:00:00", "installmentValue": "97.98"}, {"installmentId": "398e6f8ac21b25d5264afe987018bd56", "dueDate": "2021-12-15T00:00:00", "installmentValue": "97.98"}]}