{"originationId": "dd536ade544d2afd73703434cb43b7f4", "clientId": "2c56da5a988614d10e06a70eb912b67a", "registerDate": "2021-06-29T00:00:00", "installments": [{"installmentId": "d1ac489ff4d35958691fe10b3ca296bb", "dueDate": "2021-12-15T00:00:00", "installmentValue": "11.99"}, {"installmentId": "696e59b6ae69ac3b0ece33b4262f4a08", "dueDate": "2021-09-15T00:00:00", "installmentValue": "12.00"}, {"installmentId": "b02c07e2a065e0b6bb02f32b2e79d76f", "dueDate": "2021-10-15T00:00:00", "installmentValue": "12.00"}, {"installmentId": "759cea2fa75f3ef42718e412fdaa9f8a", "dueDate": "2021-11-15T00:00:00", "installmentValue": "12.00"}, {"installmentId": "ca5b59fcc973ff9ac2717ef683d00568", "dueDate": "2021-08-15T00:00:00", "installmentValue": "12.00"}]}