{"originationId": "de946b96359c7cf34b6d5fd8202d3b55", "clientId": "5124dd44dd48b0f92da126790b7597f4", "registerDate": "2021-06-02T00:00:00", "installments": [{"installmentId": "b7734fb111ab7e81db6e99543f2fd4ff", "dueDate": "2021-12-10T00:00:00", "installmentValue": "12.60"}, {"installmentId": "3fc764469336860ca1a6a165a5ff41c3", "dueDate": "2022-03-10T00:00:00", "installmentValue": "12.60"}, {"installmentId": "a268a3935e8d46bbb2cc3d01e17ed8f1", "dueDate": "2021-10-10T00:00:00", "installmentValue": "12.60"}, {"installmentId": "cbb3d1e4c19bf19d08fd6cad68e99a65", "dueDate": "2021-08-10T00:00:00", "installmentValue": "12.60"}, {"installmentId": "228f91e378795090a5acf929da5ba332", "dueDate": "2021-09-10T00:00:00", "installmentValue": "12.60"}, {"installmentId": "8c8a779f9ad6b35f3e9a838bed5c961b", "dueDate": "2022-04-10T00:00:00", "installmentValue": "12.57"}, {"installmentId": "5b774aa17d6e02fcc363710571698fbc", "dueDate": "2021-07-10T00:00:00", "installmentValue": "12.60"}, {"installmentId": "bea4177ee88d0f3d7828ce45e42ae4ae", "dueDate": "2022-02-10T00:00:00", "installmentValue": "12.60"}, {"installmentId": "7ab4488134cda99987493dd4ffdd28c7", "dueDate": "2022-01-10T00:00:00", "installmentValue": "12.60"}, {"installmentId": "a79f5d90df90c04d2e7f3bfa009ded9d", "dueDate": "2021-11-10T00:00:00", "installmentValue": "12.60"}]}