{"originationId": "e2209fef494ca27eab4ddc0fee48b6f1", "clientId": "3fcc43605a621c2f1eaf923292bb0363", "registerDate": "2021-01-29T00:00:00", "installments": [{"installmentId": "41acd213a4550e5219a3340502c8e46d", "dueDate": "2021-04-10T00:00:00", "installmentValue": "113.96"}, {"installmentId": "4d233e889e783b67c81818c0a045e1c8", "dueDate": "2021-06-10T00:00:00", "installmentValue": "113.96"}, {"installmentId": "b66b34658382dd1787504f8a68224ca1", "dueDate": "2021-03-10T00:00:00", "installmentValue": "113.96"}, {"installmentId": "00d01b375c936d0d68b3f60384b77ebc", "dueDate": "2021-05-10T00:00:00", "installmentValue": "113.96"}, {"installmentId": "33b695d167208cea37e2048c3b735e7a", "dueDate": "2021-07-10T00:00:00", "installmentValue": "113.96"}]}