{"originationId": "e3f08a5770db83e286d53c27a7501d2a", "clientId": "1f1a7e7c2a0633d4524c9fadd0ec0368", "registerDate": "2021-05-13T00:00:00", "installments": [{"installmentId": "24e29625c5272d27b85e63b3e76dcda4", "dueDate": "2021-08-15T00:00:00", "installmentValue": "30.79"}, {"installmentId": "97805ef214f600aed38f45d34b020870", "dueDate": "2021-06-15T00:00:00", "installmentValue": "30.79"}, {"installmentId": "1cd5b13a47cb013a39f6a83b36cb1de0", "dueDate": "2021-09-15T00:00:00", "installmentValue": "30.79"}, {"installmentId": "b144cfb9062c5f3e6ca86ff3cdf46d32", "dueDate": "2021-10-15T00:00:00", "installmentValue": "30.77"}, {"installmentId": "14da82bcf9248c9a402fc4c965280259", "dueDate": "2021-07-15T00:00:00", "installmentValue": "30.79"}]}