{"originationId": "e7098887bf8178cefad96dec0ff8bfc3", "clientId": "950c7f3369056b9137580a7e6f43f051", "registerDate": "2021-05-27T00:00:00", "installments": [{"installmentId": "fdd3a3cb2e6028f70f0681fbda08c365", "dueDate": "2021-07-10T00:00:00", "installmentValue": "46.39"}, {"installmentId": "d116d377a339f5e5847bc77072563a1d", "dueDate": "2021-08-10T00:00:00", "installmentValue": "46.39"}, {"installmentId": "e716ac80f803b258d195b831f6a4e009", "dueDate": "2021-10-10T00:00:00", "installmentValue": "46.39"}, {"installmentId": "16d87477963f6fd9b92b5c92f7a10d7a", "dueDate": "2021-09-10T00:00:00", "installmentValue": "46.39"}, {"installmentId": "80d6b4d93288b2f8f9433d5b5b2f480b", "dueDate": "2021-11-10T00:00:00", "installmentValue": "46.40"}]}