{"originationId": "e95ce40d75528d4d88032fd113aa75fe", "clientId": "4a0326c7c8b773168ad2516f263f0be5", "registerDate": "2021-01-07T00:00:00", "installments": [{"installmentId": "83c103ddeb21135f4ede16cffaf28ef0", "dueDate": "2021-04-15T00:00:00", "installmentValue": "57.99"}, {"installmentId": "23af40aefa507afdbe9dfd4bf9141572", "dueDate": "2021-06-15T00:00:00", "installmentValue": "57.99"}, {"installmentId": "410058a7f4b0a97fd26b96651573e586", "dueDate": "2021-03-15T00:00:00", "installmentValue": "57.99"}, {"installmentId": "2f17cff80b763380d5c7d3dd2fc55651", "dueDate": "2021-02-15T00:00:00", "installmentValue": "57.99"}, {"installmentId": "7c3bd1c3699ca783188d78a370d48a4c", "dueDate": "2021-05-15T00:00:00", "installmentValue": "57.99"}]}