{"originationId": "e95e0c3605b06fe6e7b600ae15382eac", "clientId": "2c56da5a988614d10e06a70eb912b67a", "registerDate": "2021-03-05T00:00:00", "installments": [{"installmentId": "642d52bd94d30a872e6b38a250fc7131", "dueDate": "2021-04-15T00:00:00", "installmentValue": "8.00"}, {"installmentId": "8a2b3907492bef87996953f101feda63", "dueDate": "2021-06-15T00:00:00", "installmentValue": "8.00"}, {"installmentId": "1a8b3e33421e6df39fdc9b99d5573ae5", "dueDate": "2021-05-15T00:00:00", "installmentValue": "8.00"}, {"installmentId": "fa15ae855d660c6fb7924a5619f335bb", "dueDate": "2021-08-15T00:00:00", "installmentValue": "7.99"}, {"installmentId": "377776a3d055413bb19621ed7c13e7bd", "dueDate": "2021-07-15T00:00:00", "installmentValue": "8.00"}]}