{"originationId": "ee86d2e1ab88636560770ae26ad520c9", "clientId": "f410e6028c31d7a21027819529494d32", "registerDate": "2021-01-12T00:00:00", "installments": [{"installmentId": "337e84b42efef7f53a3eb232250d0d95", "dueDate": "2021-02-13T00:00:00", "installmentValue": "34"}, {"installmentId": "5af66ec94b40c006eaf2531e4e3b0813", "dueDate": "2021-04-13T00:00:00", "installmentValue": "34.00"}, {"installmentId": "09186f188cdce9e375969ac1c35885ca", "dueDate": "2021-03-13T00:00:00", "installmentValue": "34.00"}, {"installmentId": "6909876d7017a87747e9a53a9914c9e1", "dueDate": "2021-06-13T00:00:00", "installmentValue": "33.99"}, {"installmentId": "3e4d7e6715f43528c5efcf7765317e62", "dueDate": "2021-05-13T00:00:00", "installmentValue": "34.00"}]}