{"originationId": "ef1c2172751a116fd3a7ca1fad6248f7", "clientId": "ba0ba93988b228cb8bfb0e495d1d4b9c", "registerDate": "2021-03-23T00:00:00", "installments": [{"installmentId": "bf12e2a3307c457c53bc4b215cf94227", "dueDate": "2021-08-15T00:00:00", "installmentValue": "109.46"}, {"installmentId": "bc2ee845e7fc2c2a2f8abffc149d153f", "dueDate": "2021-09-15T00:00:00", "installmentValue": "109.47"}, {"installmentId": "fffb9e0ac8bef2dedf2627e20457d2d3", "dueDate": "2021-07-15T00:00:00", "installmentValue": "109.46"}, {"installmentId": "f63cf2174bb192337d8465f7a6709fde", "dueDate": "2021-05-15T00:00:00", "installmentValue": "109.46"}, {"installmentId": "aa6711fc893789efaca5252ebff63f2b", "dueDate": "2021-06-15T00:00:00", "installmentValue": "109.46"}]}