{"originationId": "ef3fb6b7de327d7c97f36500e8010ab7", "clientId": "31be68714f2a2b9a4db66dca51d81d23", "registerDate": "2021-06-20T00:00:00", "installments": [{"installmentId": "11d5703eb6fe78bbb6b04609947c089d", "dueDate": "2021-09-10T00:00:00", "installmentValue": "69.97"}, {"installmentId": "e7adfba33cf7374e484013dd6acf43e1", "dueDate": "2021-08-10T00:00:00", "installmentValue": "69.97"}, {"installmentId": "447e7982ac758da9cc7d4adfa16b8c33", "dueDate": "2021-11-10T00:00:00", "installmentValue": "69.99"}, {"installmentId": "610f00c6cb3ae9779abdcb95e1402ede", "dueDate": "2021-10-10T00:00:00", "installmentValue": "69.97"}, {"installmentId": "d8cc67f2d05eb2fe4b0cf371de4a7781", "dueDate": "2021-07-10T00:00:00", "installmentValue": "69.97"}]}