{"originationId": "f0050a69cd495d7879ef35d129c33a4c", "clientId": "5124dd44dd48b0f92da126790b7597f4", "registerDate": "2021-05-14T00:00:00", "installments": [{"installmentId": "dd0548c116e05db94c9a41defe4b08f4", "dueDate": "2021-07-10T00:00:00", "installmentValue": "73.59"}, {"installmentId": "0a2e9b90e0cf146b9476ff6c6c0b6203", "dueDate": "2021-08-10T00:00:00", "installmentValue": "73.59"}, {"installmentId": "f78191ac22389887b481743dc5927744", "dueDate": "2021-06-10T00:00:00", "installmentValue": "73.59"}, {"installmentId": "f78cbedcadd851b60e6e43a70af25400", "dueDate": "2021-10-10T00:00:00", "installmentValue": "73.61"}, {"installmentId": "5f1cbc16711c2d72b7fbb34a41333ee2", "dueDate": "2021-09-10T00:00:00", "installmentValue": "73.59"}]}