{"originationId": "f1f4bd598aac7151fe97a72d08d2fcfe", "clientId": "b3ed3b856056396eac59b1aab17aa23a", "registerDate": "2021-04-10T00:00:00", "installments": [{"installmentId": "b7b48b84dcbd9a187bf96024f9647c91", "dueDate": "2021-06-15T00:00:00", "installmentValue": "137.47"}, {"installmentId": "4d481340051d16316da31a64166bf110", "dueDate": "2021-05-15T00:00:00", "installmentValue": "137.47"}, {"installmentId": "3dad69eb6330ee9d26509678748a283a", "dueDate": "2021-08-15T00:00:00", "installmentValue": "137.46"}, {"installmentId": "f5fc5324f4e2894758f7e6815e10ad09", "dueDate": "2021-07-15T00:00:00", "installmentValue": "137.47"}]}