{"originationId": "f5e0d2b87489390278c3610fa740e780", "clientId": "83f62d7630c968c654129afa4c7136a6", "registerDate": "2021-03-21T00:00:00", "installments": [{"installmentId": "13064aefd1b763f710faa3230172856e", "dueDate": "2021-12-10T00:00:00", "installmentValue": "37.98"}, {"installmentId": "0c417bbbaf714a6208b1320335c3d184", "dueDate": "2021-06-10T00:00:00", "installmentValue": "67.51"}, {"installmentId": "0cb46467a77dd087b1e683995d4d7e2f", "dueDate": "2021-11-10T00:00:00", "installmentValue": "37.98"}, {"installmentId": "23b8853a27bc9d2900e2b30bd06a5a1f", "dueDate": "2021-07-10T00:00:00", "installmentValue": "67.51"}, {"installmentId": "c072c1c00d121357d15b7e29b6d3982e", "dueDate": "2022-01-10T00:00:00", "installmentValue": "37.98"}, {"installmentId": "cf6cb1565ff6656e7ef5a0c5e138a56a", "dueDate": "2021-05-10T00:00:00", "installmentValue": "67.51"}, {"installmentId": "31e9ff120c2a7494a610cd3e4ec37023", "dueDate": "2021-10-10T00:00:00", "installmentValue": "37.98"}, {"installmentId": "1fc5ae610ffbb648d6be61fbd07150f9", "dueDate": "2021-08-10T00:00:00", "installmentValue": "67.51"}, {"installmentId": "99e1170b262375caf14feff981b9bbbc", "dueDate": "2022-02-10T00:00:00", "installmentValue": "37.99"}, {"installmentId": "0f6f79a1b41a1423b1914c583de609d5", "dueDate": "2021-09-10T00:00:00", "installmentValue": "67.51"}]}