{"originationId": "fc390a804fbc02980730317b97c85cbd", "clientId": "b2f2256751213c6e212b4d0bc128ddbf", "registerDate": "2021-02-11T00:00:00", "installments": [{"installmentId": "065898fae0d98b9dadab702103015a18", "dueDate": "2021-05-15T00:00:00", "installmentValue": "35.98"}, {"installmentId": "4fe30f0ef2bcf3f78605513c0befe800", "dueDate": "2021-07-15T00:00:00", "installmentValue": "35.98"}, {"installmentId": "597098ccd2f8512f41e3041bd6183eba", "dueDate": "2021-04-15T00:00:00", "installmentValue": "35.98"}, {"installmentId": "9564596ef00653daf3bb0b193a24ff59", "dueDate": "2021-03-15T00:00:00", "installmentValue": "35.98"}, {"installmentId": "505e735ef4226c37e308b64b86f91d97", "dueDate": "2021-06-15T00:00:00", "installmentValue": "35.98"}]}