{"originationId": "fcb8c73cce01fbbf71a28e3ebfb5900e", "clientId": "3db41c6d9166ff9e287e7766484ac705", "registerDate": "2021-06-09T00:00:00", "installments": [{"installmentId": "e29dca7c44fc1376e9b4b4a33d115c5e", "dueDate": "2022-03-05T00:00:00", "installmentValue": "40.38"}, {"installmentId": "ff3caaf4ac981fc914147b586427f42d", "dueDate": "2021-07-05T00:00:00", "installmentValue": "40.38"}, {"installmentId": "0efc80d9753e53de1874e8e6b9031364", "dueDate": "2021-12-05T00:00:00", "installmentValue": "40.38"}, {"installmentId": "defaeca1fb17837a6c83f754265d9fc1", "dueDate": "2022-02-05T00:00:00", "installmentValue": "40.38"}, {"installmentId": "e66fb6158679fa204c83edabf96c2710", "dueDate": "2021-08-05T00:00:00", "installmentValue": "40.38"}, {"installmentId": "be51db2e17ba04516e638d0d5dd891e9", "dueDate": "2022-01-05T00:00:00", "installmentValue": "40.38"}, {"installmentId": "408d85719c8d823eadabbef1cd8089e7", "dueDate": "2021-10-05T00:00:00", "installmentValue": "40.38"}, {"installmentId": "1822871c73f8cb2347b661f3479eb8e3", "dueDate": "2022-04-05T00:00:00", "installmentValue": "40.43"}, {"installmentId": "9970d01330298863aefbc65d7c1d0be2", "dueDate": "2021-09-05T00:00:00", "installmentValue": "40.38"}, {"installmentId": "96b509da76ffb37120d3eead29094af6", "dueDate": "2021-11-05T00:00:00", "installmentValue": "40.38"}]}