{"originationId": "fe354c65ee05d54c16e97dddc8d0afcd", "clientId": "33b2036ff5089dc8bcf029e720b03689", "registerDate": "2021-04-29T00:00:00", "installments": [{"installmentId": "74e06e77f28b6d47a5833a88bf39e262", "dueDate": "2022-01-05T00:00:00", "installmentValue": "19.99"}, {"installmentId": "d7bf1f1e57cbb2dfafacc1f4db1dd672", "dueDate": "2021-12-05T00:00:00", "installmentValue": "19.99"}, {"installmentId": "5230e7628dccc004ee97adddaaa02378", "dueDate": "2021-06-05T00:00:00", "installmentValue": "37.98"}, {"installmentId": "111dded3ad343b88081b3af44c642d8e", "dueDate": "2021-09-05T00:00:00", "installmentValue": "37.98"}, {"installmentId": "5d4ae8e2595685ff635fbb1621706468", "dueDate": "2021-10-05T00:00:00", "installmentValue": "37.98"}, {"installmentId": "66163934184281eee405840aff1dbc34", "dueDate": "2021-08-05T00:00:00", "installmentValue": "37.98"}, {"installmentId": "3f536b8cfdfaf74759dce6ec6fa2d4f1", "dueDate": "2021-11-05T00:00:00", "installmentValue": "19.99"}, {"installmentId": "04d62845f2b00a98bfefa83dac399e18", "dueDate": "2021-07-05T00:00:00", "installmentValue": "37.98"}, {"installmentId": "d3a4f734603fc74e3e3b2536b67325b8", "dueDate": "2022-03-05T00:00:00", "installmentValue": "20.01"}, {"installmentId": "2dc75b1ec0278b4411d771e6f4752f84", "dueDate": "2022-02-05T00:00:00", "installmentValue": "19.99"}]}